Time,Quadrant,Ball Color,Type
2024-07-08 18:06:43.279503,,orange ball,Entry
2.7666666666666666,,orange ball,Exit
2.7666666666666666,1.0,orange ball,Entry
2.8333333333333335,1.0,orange ball,Exit
2.8333333333333335,,orange ball,Entry
2.8666666666666667,,orange ball,Exit
2.8666666666666667,4.0,orange ball,Entry
2.9,4.0,orange ball,Exit
2.9,1.0,orange ball,Entry
3.033333333333333,1.0,orange ball,Exit
3.033333333333333,,orange ball,Entry
3.1333333333333333,,orange ball,Exit
3.1333333333333333,1.0,orange ball,Entry
3.1666666666666665,1.0,orange ball,Exit
3.1666666666666665,,orange ball,Entry
3.2333333333333334,,orange ball,Exit
3.2333333333333334,1.0,orange ball,Entry
3.433333333333333,1.0,orange ball,Exit
3.433333333333333,,orange ball,Entry
3.5,,orange ball,Exit
3.5,1.0,orange ball,Entry
3.6,1.0,orange ball,Exit
3.6,,orange ball,Entry
3.7333333333333334,,orange ball,Exit
3.7333333333333334,1.0,orange ball,Entry
3.7666666666666666,1.0,orange ball,Exit
3.7666666666666666,,orange ball,Entry
3.8333333333333335,,orange ball,Exit
3.8333333333333335,1.0,orange ball,Entry
3.966666666666667,1.0,orange ball,Exit
3.966666666666667,,orange ball,Entry
4.0,,orange ball,Exit
4.0,1.0,orange ball,Entry
4.066666666666666,1.0,orange ball,Exit
4.066666666666666,,orange ball,Entry
4.1,,orange ball,Exit
4.1,1.0,orange ball,Entry
4.133333333333334,1.0,orange ball,Exit
4.133333333333334,,orange ball,Entry
4.233333333333333,,orange ball,Exit
4.233333333333333,1.0,orange ball,Entry
4.266666666666667,1.0,orange ball,Exit
4.266666666666667,,orange ball,Entry
4.366666666666666,,orange ball,Exit
4.366666666666666,1.0,orange ball,Entry
4.4,1.0,orange ball,Exit
4.4,,orange ball,Entry
4.433333333333334,,orange ball,Exit
4.433333333333334,1.0,orange ball,Entry
4.466666666666667,1.0,orange ball,Exit
4.466666666666667,,orange ball,Entry
4.5,,orange ball,Exit
4.5,1.0,orange ball,Entry
4.533333333333333,1.0,orange ball,Exit
4.533333333333333,,orange ball,Entry
4.6,,orange ball,Exit
4.6,1.0,orange ball,Entry
5.833333333333333,1.0,orange ball,Exit
5.833333333333333,,orange ball,Entry
5.866666666666666,,orange ball,Exit
5.866666666666666,1.0,orange ball,Entry
5.9,1.0,orange ball,Exit
5.9,,orange ball,Entry
5.933333333333334,,orange ball,Exit
5.933333333333334,1.0,orange ball,Entry
5.966666666666667,1.0,orange ball,Exit
5.966666666666667,,orange ball,Entry
6.0,,orange ball,Exit
6.0,1.0,orange ball,Entry
6.033333333333333,1.0,orange ball,Exit
6.033333333333333,,orange ball,Entry
6.133333333333334,,orange ball,Exit
6.133333333333334,1.0,orange ball,Entry
6.166666666666667,1.0,orange ball,Exit
6.166666666666667,,orange ball,Entry
6.2,,orange ball,Exit
6.2,1.0,orange ball,Entry
6.266666666666667,1.0,orange ball,Exit
6.266666666666667,,orange ball,Entry
6.3,,orange ball,Exit
6.3,1.0,orange ball,Entry
6.5,1.0,orange ball,Exit
6.5,,orange ball,Entry
6.533333333333333,,orange ball,Exit
6.533333333333333,1.0,orange ball,Entry
6.6,1.0,orange ball,Exit
6.6,,orange ball,Entry
6.7,,orange ball,Exit
6.7,1.0,orange ball,Entry
6.866666666666666,1.0,orange ball,Exit
6.866666666666666,,orange ball,Entry
7.0,,orange ball,Exit
7.0,1.0,orange ball,Entry
7.033333333333333,1.0,orange ball,Exit
7.033333333333333,,orange ball,Entry
7.133333333333334,,orange ball,Exit
7.133333333333334,1.0,orange ball,Entry
7.2,1.0,orange ball,Exit
7.2,,orange ball,Entry
7.233333333333333,,orange ball,Exit
7.233333333333333,1.0,orange ball,Entry
7.433333333333334,1.0,orange ball,Exit
7.433333333333334,,orange ball,Entry
7.466666666666667,,orange ball,Exit
7.466666666666667,1.0,orange ball,Entry
7.633333333333334,1.0,orange ball,Exit
7.633333333333334,,orange ball,Entry
7.733333333333333,,orange ball,Exit
7.733333333333333,1.0,orange ball,Entry
7.833333333333333,1.0,orange ball,Exit
7.833333333333333,,orange ball,Entry
7.866666666666666,,orange ball,Exit
7.866666666666666,1.0,orange ball,Entry
7.9,1.0,orange ball,Exit
7.9,,orange ball,Entry
7.966666666666667,,orange ball,Exit
7.966666666666667,1.0,orange ball,Entry
8.0,1.0,orange ball,Exit
8.0,,orange ball,Entry
8.166666666666666,,orange ball,Exit
8.166666666666666,1.0,orange ball,Entry
8.3,1.0,orange ball,Exit
8.3,,orange ball,Entry
8.333333333333334,,orange ball,Exit
8.333333333333334,1.0,orange ball,Entry
8.466666666666667,1.0,orange ball,Exit
8.466666666666667,,orange ball,Entry
8.533333333333333,,orange ball,Exit
8.533333333333333,1.0,orange ball,Entry
8.566666666666666,1.0,orange ball,Exit
8.566666666666666,,orange ball,Entry
8.633333333333333,,orange ball,Exit
8.633333333333333,1.0,orange ball,Entry
8.733333333333333,1.0,orange ball,Exit
8.733333333333333,,orange ball,Entry
8.766666666666667,,orange ball,Exit
8.766666666666667,1.0,orange ball,Entry
8.833333333333334,1.0,orange ball,Exit
8.833333333333334,,orange ball,Entry
8.866666666666667,,orange ball,Exit
8.866666666666667,1.0,orange ball,Entry
8.9,1.0,orange ball,Exit
8.9,,orange ball,Entry
8.966666666666667,,orange ball,Exit
8.966666666666667,1.0,orange ball,Entry
9.1,1.0,orange ball,Exit
9.1,,orange ball,Entry
9.2,,orange ball,Exit
9.2,1.0,orange ball,Entry
9.233333333333333,1.0,orange ball,Exit
9.233333333333333,,orange ball,Entry
9.333333333333334,,orange ball,Exit
9.333333333333334,1.0,orange ball,Entry
9.433333333333334,1.0,orange ball,Exit
9.433333333333334,,orange ball,Entry
9.466666666666667,,orange ball,Exit
9.466666666666667,1.0,orange ball,Entry
9.533333333333333,1.0,orange ball,Exit
9.533333333333333,,orange ball,Entry
9.566666666666666,,orange ball,Exit
9.566666666666666,1.0,orange ball,Entry
10.0,1.0,orange ball,Exit
10.0,,orange ball,Entry
2024-07-08 18:08:50.079597,,green ball,Entry
10.3,,orange ball,Exit
10.3,1.0,orange ball,Entry
10.3,,green ball,Exit
10.3,1.0,green ball,Entry
10.6,1.0,orange ball,Exit
10.6,,orange ball,Entry
10.6,1.0,green ball,Exit
10.6,,green ball,Entry
10.666666666666666,,orange ball,Exit
10.666666666666666,1.0,orange ball,Entry
10.666666666666666,,green ball,Exit
10.666666666666666,1.0,green ball,Entry
10.7,1.0,orange ball,Exit
10.7,,orange ball,Entry
10.7,1.0,green ball,Exit
10.7,,green ball,Entry
10.733333333333333,,orange ball,Exit
10.733333333333333,1.0,orange ball,Entry
10.733333333333333,,green ball,Exit
10.733333333333333,1.0,green ball,Entry
10.8,1.0,orange ball,Exit
10.8,,orange ball,Entry
10.8,1.0,green ball,Exit
10.8,,green ball,Entry
10.866666666666667,,orange ball,Exit
10.866666666666667,1.0,orange ball,Entry
10.866666666666667,,green ball,Exit
10.866666666666667,1.0,green ball,Entry
10.966666666666667,1.0,orange ball,Exit
10.966666666666667,,orange ball,Entry
10.966666666666667,1.0,green ball,Exit
10.966666666666667,,green ball,Entry
11.033333333333333,,orange ball,Exit
11.033333333333333,1.0,orange ball,Entry
11.033333333333333,,green ball,Exit
11.033333333333333,1.0,green ball,Entry
11.066666666666666,1.0,orange ball,Exit
11.066666666666666,,orange ball,Entry
11.066666666666666,1.0,green ball,Exit
11.066666666666666,,green ball,Entry
11.1,,orange ball,Exit
11.1,1.0,orange ball,Entry
11.1,,green ball,Exit
11.1,1.0,green ball,Entry
11.233333333333333,1.0,orange ball,Exit
11.233333333333333,,orange ball,Entry
11.233333333333333,1.0,green ball,Exit
11.233333333333333,,green ball,Entry
11.266666666666667,,orange ball,Exit
11.266666666666667,1.0,orange ball,Entry
11.266666666666667,,green ball,Exit
11.266666666666667,1.0,green ball,Entry
11.333333333333334,1.0,orange ball,Exit
11.333333333333334,,orange ball,Entry
11.333333333333334,1.0,green ball,Exit
11.333333333333334,,green ball,Entry
11.433333333333334,,orange ball,Exit
11.433333333333334,1.0,orange ball,Entry
11.433333333333334,,green ball,Exit
11.433333333333334,1.0,green ball,Entry
11.466666666666667,1.0,orange ball,Exit
11.466666666666667,,orange ball,Entry
11.466666666666667,1.0,green ball,Exit
11.466666666666667,,green ball,Entry
11.5,,orange ball,Exit
11.5,1.0,orange ball,Entry
11.5,,green ball,Exit
11.5,1.0,green ball,Entry
11.566666666666666,1.0,orange ball,Exit
11.566666666666666,,orange ball,Entry
11.566666666666666,1.0,green ball,Exit
11.566666666666666,,green ball,Entry
11.666666666666666,,orange ball,Exit
11.666666666666666,1.0,orange ball,Entry
11.666666666666666,,green ball,Exit
11.666666666666666,1.0,green ball,Entry
11.7,1.0,orange ball,Exit
11.7,,orange ball,Entry
11.7,1.0,green ball,Exit
11.7,,green ball,Entry
11.733333333333333,,orange ball,Exit
11.733333333333333,1.0,orange ball,Entry
11.733333333333333,,green ball,Exit
11.733333333333333,1.0,green ball,Entry
11.8,1.0,orange ball,Exit
11.8,,orange ball,Entry
11.8,1.0,green ball,Exit
11.8,,green ball,Entry
11.833333333333334,,orange ball,Exit
11.833333333333334,1.0,orange ball,Entry
11.833333333333334,,green ball,Exit
11.833333333333334,1.0,green ball,Entry
11.933333333333334,1.0,orange ball,Exit
11.933333333333334,,orange ball,Entry
11.933333333333334,1.0,green ball,Exit
11.933333333333334,,green ball,Entry
12.033333333333333,,orange ball,Exit
12.033333333333333,1.0,orange ball,Entry
12.033333333333333,,green ball,Exit
12.033333333333333,1.0,green ball,Entry
12.066666666666666,1.0,orange ball,Exit
12.066666666666666,,orange ball,Entry
12.066666666666666,1.0,green ball,Exit
12.066666666666666,,green ball,Entry
12.1,,orange ball,Exit
12.1,1.0,orange ball,Entry
12.1,,green ball,Exit
12.1,1.0,green ball,Entry
12.133333333333333,1.0,orange ball,Exit
12.133333333333333,,orange ball,Entry
12.133333333333333,1.0,green ball,Exit
12.133333333333333,,green ball,Entry
12.166666666666666,,orange ball,Exit
12.166666666666666,1.0,orange ball,Entry
12.166666666666666,,green ball,Exit
12.166666666666666,1.0,green ball,Entry
12.233333333333333,1.0,orange ball,Exit
12.233333333333333,,orange ball,Entry
12.233333333333333,1.0,green ball,Exit
12.233333333333333,,green ball,Entry
12.3,,orange ball,Exit
12.3,1.0,orange ball,Entry
12.3,,green ball,Exit
12.3,1.0,green ball,Entry
12.466666666666667,1.0,orange ball,Exit
12.466666666666667,,orange ball,Entry
12.466666666666667,1.0,green ball,Exit
12.466666666666667,,green ball,Entry
12.5,,orange ball,Exit
12.5,1.0,orange ball,Entry
12.5,,green ball,Exit
12.5,1.0,green ball,Entry
12.533333333333333,1.0,orange ball,Exit
12.533333333333333,,orange ball,Entry
12.533333333333333,1.0,green ball,Exit
12.533333333333333,,green ball,Entry
12.633333333333333,,orange ball,Exit
12.633333333333333,1.0,orange ball,Entry
12.633333333333333,,green ball,Exit
12.633333333333333,1.0,green ball,Entry
12.766666666666667,1.0,orange ball,Exit
12.766666666666667,,orange ball,Entry
12.766666666666667,1.0,green ball,Exit
12.766666666666667,,green ball,Entry
12.866666666666667,,orange ball,Exit
12.866666666666667,1.0,orange ball,Entry
12.866666666666667,,green ball,Exit
12.866666666666667,1.0,green ball,Entry
13.0,1.0,orange ball,Exit
13.0,,orange ball,Entry
13.0,1.0,green ball,Exit
13.0,,green ball,Entry
13.033333333333333,,orange ball,Exit
13.033333333333333,1.0,orange ball,Entry
13.033333333333333,,green ball,Exit
13.033333333333333,1.0,green ball,Entry
13.066666666666666,1.0,orange ball,Exit
13.066666666666666,,orange ball,Entry
13.066666666666666,1.0,green ball,Exit
13.066666666666666,,green ball,Entry
13.166666666666666,,orange ball,Exit
13.166666666666666,1.0,orange ball,Entry
13.166666666666666,,green ball,Exit
13.166666666666666,1.0,green ball,Entry
13.2,1.0,orange ball,Exit
13.2,,orange ball,Entry
13.2,1.0,green ball,Exit
13.2,,green ball,Entry
13.233333333333333,,orange ball,Exit
13.233333333333333,1.0,orange ball,Entry
13.233333333333333,,green ball,Exit
13.233333333333333,1.0,green ball,Entry
13.3,1.0,orange ball,Exit
13.3,,orange ball,Entry
13.3,1.0,green ball,Exit
13.3,,green ball,Entry
13.333333333333334,,orange ball,Exit
13.333333333333334,1.0,orange ball,Entry
13.333333333333334,,green ball,Exit
13.333333333333334,1.0,green ball,Entry
13.433333333333334,1.0,orange ball,Exit
13.433333333333334,,orange ball,Entry
13.433333333333334,1.0,green ball,Exit
13.433333333333334,,green ball,Entry
13.533333333333333,,orange ball,Exit
13.533333333333333,1.0,orange ball,Entry
13.533333333333333,,green ball,Exit
13.533333333333333,1.0,green ball,Entry
13.566666666666666,1.0,orange ball,Exit
13.566666666666666,,orange ball,Entry
13.566666666666666,1.0,green ball,Exit
13.566666666666666,,green ball,Entry
2024-07-08 18:09:48.815231,,red ball,Entry
13.6,,orange ball,Exit
13.6,1.0,orange ball,Entry
13.6,,red ball,Exit
13.6,1.0,red ball,Entry
13.6,,green ball,Exit
13.6,1.0,green ball,Entry
13.666666666666666,1.0,orange ball,Exit
13.666666666666666,,orange ball,Entry
13.666666666666666,1.0,red ball,Exit
13.666666666666666,,red ball,Entry
13.666666666666666,1.0,green ball,Exit
13.666666666666666,,green ball,Entry
13.766666666666667,,orange ball,Exit
13.766666666666667,1.0,orange ball,Entry
13.766666666666667,,red ball,Exit
13.766666666666667,1.0,red ball,Entry
13.766666666666667,,green ball,Exit
13.766666666666667,1.0,green ball,Entry
14.033333333333333,1.0,orange ball,Exit
14.033333333333333,,orange ball,Entry
14.033333333333333,1.0,green ball,Exit
14.033333333333333,,green ball,Entry
14.033333333333333,1.0,red ball,Exit
14.033333333333333,,red ball,Entry
14.133333333333333,,orange ball,Exit
14.133333333333333,1.0,orange ball,Entry
14.133333333333333,,green ball,Exit
14.133333333333333,1.0,green ball,Entry
14.133333333333333,,red ball,Exit
14.133333333333333,1.0,red ball,Entry
14.366666666666667,1.0,orange ball,Exit
14.366666666666667,,orange ball,Entry
14.366666666666667,1.0,green ball,Exit
14.366666666666667,,green ball,Entry
14.366666666666667,1.0,red ball,Exit
14.366666666666667,,red ball,Entry
14.433333333333334,,orange ball,Exit
14.433333333333334,1.0,orange ball,Entry
14.433333333333334,,green ball,Exit
14.433333333333334,1.0,green ball,Entry
14.433333333333334,,red ball,Exit
14.433333333333334,1.0,red ball,Entry
14.466666666666667,1.0,orange ball,Exit
14.466666666666667,,orange ball,Entry
14.466666666666667,1.0,green ball,Exit
14.466666666666667,,green ball,Entry
14.466666666666667,1.0,red ball,Exit
14.466666666666667,,red ball,Entry
14.5,,orange ball,Exit
14.5,1.0,orange ball,Entry
14.5,,green ball,Exit
14.5,1.0,green ball,Entry
14.5,,red ball,Exit
14.5,1.0,red ball,Entry
14.6,1.0,orange ball,Exit
14.6,,orange ball,Entry
14.6,1.0,green ball,Exit
14.6,,green ball,Entry
14.6,1.0,red ball,Exit
14.6,,red ball,Entry
14.633333333333333,,orange ball,Exit
14.633333333333333,1.0,orange ball,Entry
14.633333333333333,,green ball,Exit
14.633333333333333,1.0,green ball,Entry
14.633333333333333,,red ball,Exit
14.633333333333333,1.0,red ball,Entry
14.666666666666666,1.0,orange ball,Exit
14.666666666666666,,orange ball,Entry
14.666666666666666,1.0,red ball,Exit
14.666666666666666,,red ball,Entry
14.666666666666666,1.0,green ball,Exit
14.666666666666666,,green ball,Entry
14.766666666666667,,orange ball,Exit
14.766666666666667,1.0,orange ball,Entry
14.766666666666667,,green ball,Exit
14.766666666666667,1.0,green ball,Entry
14.766666666666667,,red ball,Exit
14.766666666666667,1.0,red ball,Entry
14.9,1.0,orange ball,Exit
14.9,,orange ball,Entry
14.9,1.0,red ball,Exit
14.9,,red ball,Entry
14.9,1.0,green ball,Exit
14.9,,green ball,Entry
14.933333333333334,,orange ball,Exit
14.933333333333334,1.0,orange ball,Entry
14.933333333333334,,red ball,Exit
14.933333333333334,1.0,red ball,Entry
14.933333333333334,,green ball,Exit
14.933333333333334,1.0,green ball,Entry
15.0,1.0,orange ball,Exit
15.0,,orange ball,Entry
15.0,1.0,red ball,Exit
15.0,,red ball,Entry
15.0,1.0,green ball,Exit
15.0,,green ball,Entry
15.033333333333333,,orange ball,Exit
15.033333333333333,1.0,orange ball,Entry
15.033333333333333,,red ball,Exit
15.033333333333333,1.0,red ball,Entry
15.033333333333333,,green ball,Exit
15.033333333333333,1.0,green ball,Entry
15.066666666666666,1.0,orange ball,Exit
15.066666666666666,,orange ball,Entry
15.066666666666666,1.0,green ball,Exit
15.066666666666666,,green ball,Entry
15.066666666666666,1.0,red ball,Exit
15.066666666666666,,red ball,Entry
15.1,,orange ball,Exit
15.1,1.0,orange ball,Entry
15.1,,green ball,Exit
15.1,1.0,green ball,Entry
15.1,,red ball,Exit
15.1,1.0,red ball,Entry
15.233333333333333,1.0,orange ball,Exit
15.233333333333333,,orange ball,Entry
15.233333333333333,1.0,green ball,Exit
15.233333333333333,,green ball,Entry
15.233333333333333,1.0,red ball,Exit
15.233333333333333,,red ball,Entry
15.3,,orange ball,Exit
15.3,1.0,orange ball,Entry
15.3,,red ball,Exit
15.3,1.0,red ball,Entry
15.3,,green ball,Exit
15.3,1.0,green ball,Entry
15.5,1.0,orange ball,Exit
15.5,,orange ball,Entry
15.5,1.0,green ball,Exit
15.5,,green ball,Entry
15.5,1.0,red ball,Exit
15.5,,red ball,Entry
15.6,,orange ball,Exit
15.6,1.0,orange ball,Entry
15.6,,green ball,Exit
15.6,1.0,green ball,Entry
15.6,,red ball,Exit
15.6,1.0,red ball,Entry
15.633333333333333,1.0,orange ball,Exit
15.633333333333333,,orange ball,Entry
15.633333333333333,1.0,green ball,Exit
15.633333333333333,,green ball,Entry
15.633333333333333,1.0,red ball,Exit
15.633333333333333,,red ball,Entry
15.666666666666666,,orange ball,Exit
15.666666666666666,1.0,orange ball,Entry
15.666666666666666,,green ball,Exit
15.666666666666666,1.0,green ball,Entry
15.7,1.0,orange ball,Exit
15.7,,orange ball,Entry
15.7,1.0,green ball,Exit
15.7,,green ball,Entry
15.733333333333333,,orange ball,Exit
15.733333333333333,1.0,orange ball,Entry
15.733333333333333,,green ball,Exit
15.733333333333333,1.0,green ball,Entry
15.766666666666667,1.0,orange ball,Exit
15.766666666666667,,orange ball,Entry
15.766666666666667,1.0,green ball,Exit
15.766666666666667,,green ball,Entry
15.833333333333334,,orange ball,Exit
15.833333333333334,1.0,orange ball,Entry
15.833333333333334,,green ball,Exit
15.833333333333334,1.0,green ball,Entry
2024-07-08 18:10:33.135110,1.0,red ball,Entry
16.066666666666666,1.0,orange ball,Exit
16.066666666666666,,orange ball,Entry
16.066666666666666,1.0,red ball,Exit
16.066666666666666,,red ball,Entry
16.066666666666666,1.0,green ball,Exit
16.066666666666666,,green ball,Entry
16.133333333333333,,orange ball,Exit
16.133333333333333,1.0,orange ball,Entry
16.133333333333333,,red ball,Exit
16.133333333333333,1.0,red ball,Entry
16.133333333333333,,green ball,Exit
16.133333333333333,1.0,green ball,Entry
16.2,1.0,orange ball,Exit
16.2,,orange ball,Entry
16.2,1.0,green ball,Exit
16.2,,green ball,Entry
16.2,1.0,red ball,Exit
16.2,,red ball,Entry
16.3,,orange ball,Exit
16.3,1.0,orange ball,Entry
16.3,,green ball,Exit
16.3,1.0,green ball,Entry
16.3,,red ball,Exit
16.3,1.0,red ball,Entry
16.4,1.0,orange ball,Exit
16.4,,orange ball,Entry
16.4,1.0,red ball,Exit
16.4,,red ball,Entry
16.4,1.0,green ball,Exit
16.4,,green ball,Entry
16.533333333333335,,orange ball,Exit
16.533333333333335,1.0,orange ball,Entry
16.533333333333335,,red ball,Exit
16.533333333333335,1.0,red ball,Entry
16.533333333333335,,green ball,Exit
16.533333333333335,1.0,green ball,Entry
16.633333333333333,1.0,orange ball,Exit
16.633333333333333,,orange ball,Entry
16.633333333333333,1.0,red ball,Exit
16.633333333333333,,red ball,Entry
16.633333333333333,1.0,green ball,Exit
16.633333333333333,,green ball,Entry
16.7,,orange ball,Exit
16.7,1.0,orange ball,Entry
16.7,,green ball,Exit
16.7,1.0,green ball,Entry
16.7,,red ball,Exit
16.7,1.0,red ball,Entry
16.733333333333334,1.0,orange ball,Exit
16.733333333333334,,orange ball,Entry
16.733333333333334,1.0,red ball,Exit
16.733333333333334,,red ball,Entry
16.733333333333334,1.0,green ball,Exit
16.733333333333334,,green ball,Entry
16.8,,orange ball,Exit
16.8,1.0,orange ball,Entry
16.8,,green ball,Exit
16.8,1.0,green ball,Entry
16.8,,red ball,Exit
16.8,1.0,red ball,Entry
16.866666666666667,1.0,orange ball,Exit
16.866666666666667,,orange ball,Entry
16.866666666666667,1.0,green ball,Exit
16.866666666666667,,green ball,Entry
16.866666666666667,1.0,red ball,Exit
16.866666666666667,,red ball,Entry
16.966666666666665,,orange ball,Exit
16.966666666666665,1.0,orange ball,Entry
16.966666666666665,,red ball,Exit
16.966666666666665,1.0,red ball,Entry
16.966666666666665,,green ball,Exit
16.966666666666665,1.0,green ball,Entry
17.066666666666666,1.0,orange ball,Exit
17.066666666666666,,orange ball,Entry
17.066666666666666,1.0,green ball,Exit
17.066666666666666,,green ball,Entry
17.066666666666666,1.0,red ball,Exit
17.066666666666666,,red ball,Entry
17.1,,orange ball,Exit
17.1,1.0,orange ball,Entry
17.1,,green ball,Exit
17.1,1.0,green ball,Entry
17.1,,red ball,Exit
17.1,1.0,red ball,Entry
17.2,1.0,orange ball,Exit
17.2,,orange ball,Entry
17.2,1.0,green ball,Exit
17.2,,green ball,Entry
17.2,1.0,red ball,Exit
17.2,,red ball,Entry
17.233333333333334,,orange ball,Exit
17.233333333333334,1.0,orange ball,Entry
17.233333333333334,,green ball,Exit
17.233333333333334,1.0,green ball,Entry
17.233333333333334,,red ball,Exit
17.233333333333334,1.0,red ball,Entry
17.3,1.0,orange ball,Exit
17.3,,orange ball,Entry
17.3,1.0,green ball,Exit
17.3,,green ball,Entry
17.3,1.0,red ball,Exit
17.3,,red ball,Entry
17.333333333333332,,orange ball,Exit
17.333333333333332,1.0,orange ball,Entry
17.333333333333332,,green ball,Exit
17.333333333333332,1.0,green ball,Entry
17.333333333333332,,red ball,Exit
17.333333333333332,1.0,red ball,Entry
17.366666666666667,1.0,orange ball,Exit
17.366666666666667,,orange ball,Entry
17.366666666666667,1.0,green ball,Exit
17.366666666666667,,green ball,Entry
17.366666666666667,1.0,red ball,Exit
17.366666666666667,,red ball,Entry
2024-07-08 18:11:00.923426,,red ball,Entry
17.533333333333335,,orange ball,Exit
17.533333333333335,1.0,orange ball,Entry
17.533333333333335,,green ball,Exit
17.533333333333335,1.0,green ball,Entry
17.533333333333335,,red ball,Exit
17.533333333333335,1.0,red ball,Entry
17.566666666666666,1.0,orange ball,Exit
17.566666666666666,,orange ball,Entry
17.566666666666666,1.0,green ball,Exit
17.566666666666666,,green ball,Entry
17.566666666666666,1.0,red ball,Exit
17.566666666666666,,red ball,Entry
17.6,,orange ball,Exit
17.6,1.0,orange ball,Entry
17.6,,red ball,Exit
17.6,1.0,red ball,Entry
17.6,,green ball,Exit
17.6,1.0,green ball,Entry
17.633333333333333,1.0,orange ball,Exit
17.633333333333333,,orange ball,Entry
17.633333333333333,1.0,red ball,Exit
17.633333333333333,,red ball,Entry
17.633333333333333,1.0,green ball,Exit
17.633333333333333,,green ball,Entry
17.666666666666668,,orange ball,Exit
17.666666666666668,1.0,orange ball,Entry
17.666666666666668,,red ball,Exit
17.666666666666668,1.0,red ball,Entry
17.666666666666668,,green ball,Exit
17.666666666666668,1.0,green ball,Entry
17.733333333333334,1.0,orange ball,Exit
17.733333333333334,,orange ball,Entry
17.733333333333334,1.0,red ball,Exit
17.733333333333334,,red ball,Entry
17.8,,orange ball,Exit
17.8,1.0,orange ball,Entry
17.8,,red ball,Exit
17.8,1.0,red ball,Entry
17.9,1.0,orange ball,Exit
17.9,,orange ball,Entry
17.9,1.0,red ball,Exit
17.9,,red ball,Entry
18.266666666666666,,orange ball,Exit
18.266666666666666,1.0,orange ball,Entry
18.266666666666666,,red ball,Exit
18.266666666666666,1.0,red ball,Entry
18.333333333333332,1.0,orange ball,Exit
18.333333333333332,,orange ball,Entry
18.333333333333332,1.0,red ball,Exit
18.333333333333332,,red ball,Entry
19.033333333333335,,orange ball,Exit
19.033333333333335,1.0,orange ball,Entry
19.033333333333335,,red ball,Exit
19.033333333333335,1.0,red ball,Entry
19.133333333333333,1.0,orange ball,Exit
19.133333333333333,,orange ball,Entry
19.133333333333333,1.0,red ball,Exit
19.133333333333333,,red ball,Entry
19.2,,orange ball,Exit
19.2,1.0,orange ball,Entry
19.2,,red ball,Exit
19.2,1.0,red ball,Entry
19.233333333333334,1.0,orange ball,Exit
19.233333333333334,,orange ball,Entry
19.233333333333334,1.0,red ball,Exit
19.233333333333334,,red ball,Entry
19.366666666666667,,orange ball,Exit
19.366666666666667,1.0,orange ball,Entry
19.366666666666667,,red ball,Exit
19.366666666666667,1.0,red ball,Entry
19.4,1.0,orange ball,Exit
19.4,,orange ball,Entry
19.4,1.0,red ball,Exit
19.4,,red ball,Entry
19.466666666666665,,orange ball,Exit
19.466666666666665,1.0,orange ball,Entry
19.466666666666665,,red ball,Exit
19.466666666666665,1.0,red ball,Entry
19.566666666666666,1.0,orange ball,Exit
19.566666666666666,,orange ball,Entry
19.566666666666666,1.0,red ball,Exit
19.566666666666666,,red ball,Entry
19.633333333333333,,orange ball,Exit
19.633333333333333,1.0,orange ball,Entry
19.633333333333333,,red ball,Exit
19.633333333333333,1.0,red ball,Entry
19.666666666666668,1.0,orange ball,Exit
19.666666666666668,,orange ball,Entry
19.666666666666668,1.0,red ball,Exit
19.666666666666668,,red ball,Entry
19.766666666666666,,orange ball,Exit
19.766666666666666,1.0,orange ball,Entry
19.766666666666666,,red ball,Exit
19.766666666666666,1.0,red ball,Entry
19.8,1.0,orange ball,Exit
19.8,,orange ball,Entry
19.8,1.0,red ball,Exit
19.8,,red ball,Entry
20.1,,orange ball,Exit
20.1,1.0,orange ball,Entry
20.1,,red ball,Exit
20.1,1.0,red ball,Entry
20.133333333333333,1.0,orange ball,Exit
20.133333333333333,,orange ball,Entry
20.133333333333333,1.0,red ball,Exit
20.133333333333333,,red ball,Entry
20.166666666666668,,orange ball,Exit
20.166666666666668,1.0,orange ball,Entry
20.166666666666668,,red ball,Exit
20.166666666666668,1.0,red ball,Entry
20.2,1.0,orange ball,Exit
20.2,,orange ball,Entry
20.2,1.0,red ball,Exit
20.2,,red ball,Entry
20.266666666666666,,orange ball,Exit
20.266666666666666,1.0,orange ball,Entry
20.266666666666666,,red ball,Exit
20.266666666666666,1.0,red ball,Entry
20.3,1.0,orange ball,Exit
20.3,,orange ball,Entry
20.3,1.0,red ball,Exit
20.3,,red ball,Entry
20.366666666666667,,orange ball,Exit
20.366666666666667,1.0,orange ball,Entry
20.366666666666667,,red ball,Exit
20.366666666666667,1.0,red ball,Entry
20.4,1.0,orange ball,Exit
20.4,,orange ball,Entry
20.4,1.0,red ball,Exit
20.4,,red ball,Entry
20.433333333333334,,orange ball,Exit
20.433333333333334,1.0,orange ball,Entry
20.433333333333334,,red ball,Exit
20.433333333333334,1.0,red ball,Entry
20.466666666666665,1.0,orange ball,Exit
20.466666666666665,,orange ball,Entry
20.466666666666665,1.0,red ball,Exit
20.466666666666665,,red ball,Entry
20.7,,orange ball,Exit
20.7,1.0,orange ball,Entry
20.7,,red ball,Exit
20.7,1.0,red ball,Entry
20.766666666666666,1.0,orange ball,Exit
20.766666666666666,,orange ball,Entry
20.766666666666666,1.0,red ball,Exit
20.766666666666666,,red ball,Entry
20.8,,orange ball,Exit
20.8,1.0,orange ball,Entry
20.8,,red ball,Exit
20.8,1.0,red ball,Entry
20.833333333333332,1.0,orange ball,Exit
20.833333333333332,,orange ball,Entry
20.833333333333332,1.0,red ball,Exit
20.833333333333332,,red ball,Entry
21.466666666666665,,orange ball,Exit
21.466666666666665,1.0,orange ball,Entry
21.5,1.0,orange ball,Exit
21.5,,orange ball,Entry
22.566666666666666,,orange ball,Exit
22.566666666666666,1.0,orange ball,Entry
22.6,1.0,orange ball,Exit
22.6,,orange ball,Entry
23.5,,orange ball,Exit
23.5,1.0,orange ball,Entry
23.8,1.0,orange ball,Exit
23.8,,orange ball,Entry
24.466666666666665,,orange ball,Exit
24.466666666666665,1.0,orange ball,Entry
24.5,1.0,orange ball,Exit
24.5,,orange ball,Entry
24.566666666666666,,orange ball,Exit
24.566666666666666,1.0,orange ball,Entry
24.8,1.0,orange ball,Exit
24.8,,orange ball,Entry
24.866666666666667,,orange ball,Exit
24.866666666666667,1.0,orange ball,Entry
24.9,1.0,orange ball,Exit
24.9,,orange ball,Entry
26.566666666666666,,orange ball,Exit
26.566666666666666,1.0,orange ball,Entry
2024-07-08 18:13:36.963046,1.0,red ball,Entry
2024-07-08 18:13:53.217173,1.0,red ball,Entry
28.333333333333332,1.0,orange ball,Exit
28.333333333333332,,orange ball,Entry
28.333333333333332,1.0,red ball,Exit
28.333333333333332,,red ball,Entry
28.366666666666667,,orange ball,Exit
28.366666666666667,1.0,orange ball,Entry
28.366666666666667,,red ball,Exit
28.366666666666667,1.0,red ball,Entry
28.4,1.0,orange ball,Exit
28.4,,orange ball,Entry
28.4,1.0,red ball,Exit
28.4,,red ball,Entry
28.433333333333334,,orange ball,Exit
28.433333333333334,1.0,orange ball,Entry
28.433333333333334,,red ball,Exit
28.433333333333334,1.0,red ball,Entry
28.466666666666665,1.0,orange ball,Exit
28.466666666666665,,orange ball,Entry
28.466666666666665,1.0,red ball,Exit
28.466666666666665,,red ball,Entry
28.5,,orange ball,Exit
28.5,1.0,orange ball,Entry
28.5,,red ball,Exit
28.5,1.0,red ball,Entry
28.7,1.0,orange ball,Exit
28.7,,orange ball,Entry
28.7,1.0,red ball,Exit
28.7,,red ball,Entry
28.766666666666666,,orange ball,Exit
28.766666666666666,1.0,orange ball,Entry
28.766666666666666,,red ball,Exit
28.766666666666666,1.0,red ball,Entry
28.9,1.0,orange ball,Exit
28.9,,orange ball,Entry
28.9,1.0,red ball,Exit
28.9,,red ball,Entry
28.933333333333334,,orange ball,Exit
28.933333333333334,1.0,orange ball,Entry
28.933333333333334,,red ball,Exit
28.933333333333334,1.0,red ball,Entry
29.066666666666666,1.0,orange ball,Exit
29.066666666666666,,orange ball,Entry
29.066666666666666,1.0,red ball,Exit
29.066666666666666,,red ball,Entry
29.1,,orange ball,Exit
29.1,1.0,orange ball,Entry
29.1,,red ball,Exit
29.1,1.0,red ball,Entry
29.2,1.0,orange ball,Exit
29.2,,orange ball,Entry
29.2,1.0,red ball,Exit
29.2,,red ball,Entry
29.2,1.0,red ball,Exit
29.2,,red ball,Entry
29.233333333333334,,orange ball,Exit
29.233333333333334,1.0,orange ball,Entry
29.233333333333334,,red ball,Exit
29.233333333333334,1.0,red ball,Entry
29.266666666666666,1.0,orange ball,Exit
29.266666666666666,,orange ball,Entry
29.266666666666666,1.0,red ball,Exit
29.266666666666666,,red ball,Entry
29.333333333333332,,orange ball,Exit
29.333333333333332,1.0,orange ball,Entry
29.333333333333332,,red ball,Exit
29.333333333333332,1.0,red ball,Entry
29.4,1.0,orange ball,Exit
29.4,,orange ball,Entry
29.4,1.0,red ball,Exit
29.4,,red ball,Entry
29.5,,orange ball,Exit
29.5,1.0,orange ball,Entry
29.5,,red ball,Exit
29.5,1.0,red ball,Entry
29.5,,red ball,Exit
29.5,1.0,red ball,Entry
29.533333333333335,1.0,orange ball,Exit
29.533333333333335,,orange ball,Entry
29.533333333333335,1.0,red ball,Exit
29.533333333333335,,red ball,Entry
29.566666666666666,,orange ball,Exit
29.566666666666666,1.0,orange ball,Entry
29.566666666666666,,red ball,Exit
29.566666666666666,1.0,red ball,Entry
29.866666666666667,1.0,red ball,Exit
29.866666666666667,,red ball,Entry
29.9,,red ball,Exit
29.9,1.0,red ball,Entry
30.166666666666668,1.0,red ball,Exit
30.166666666666668,,red ball,Entry
30.2,,red ball,Exit
30.2,1.0,red ball,Entry
30.2,,red ball,Exit
30.2,1.0,red ball,Entry
30.3,1.0,red ball,Exit
30.3,,red ball,Entry
33.233333333333334,,red ball,Exit
33.233333333333334,1.0,red ball,Entry
33.8,1.0,red ball,Exit
33.8,,red ball,Entry
33.833333333333336,,red ball,Exit
33.833333333333336,1.0,red ball,Entry
33.86666666666667,1.0,red ball,Exit
33.86666666666667,,red ball,Entry
33.93333333333333,,red ball,Exit
33.93333333333333,1.0,red ball,Entry
34.03333333333333,1.0,red ball,Exit
34.03333333333333,,red ball,Entry
34.13333333333333,,red ball,Exit
34.13333333333333,1.0,red ball,Entry
2024-07-08 18:15:30.325400,1.0,green ball,Entry
34.166666666666664,1.0,red ball,Exit
34.166666666666664,,red ball,Entry
34.2,,red ball,Exit
34.2,1.0,red ball,Entry
2024-07-08 18:15:31.459285,1.0,green ball,Entry
2024-07-08 18:15:36.327254,1.0,green ball,Entry
34.56666666666667,1.0,red ball,Exit
34.56666666666667,,red ball,Entry
34.56666666666667,1.0,green ball,Exit
34.56666666666667,,green ball,Entry
34.733333333333334,,red ball,Exit
34.733333333333334,1.0,red ball,Entry
34.733333333333334,,green ball,Exit
34.733333333333334,1.0,green ball,Entry
34.8,1.0,red ball,Exit
34.8,,red ball,Entry
2024-07-08 18:15:41.822675,,green ball,Entry
34.833333333333336,,red ball,Exit
34.833333333333336,1.0,red ball,Entry
34.86666666666667,1.0,red ball,Exit
34.86666666666667,,red ball,Entry
34.93333333333333,,red ball,Exit
34.93333333333333,1.0,red ball,Entry
35.0,1.0,red ball,Exit
35.0,,red ball,Entry
35.03333333333333,,red ball,Exit
35.03333333333333,1.0,red ball,Entry
35.06666666666667,1.0,red ball,Exit
35.06666666666667,,red ball,Entry
2024-07-08 18:15:46.112424,,green ball,Entry
35.13333333333333,,red ball,Exit
35.13333333333333,1.0,red ball,Entry
35.13333333333333,,green ball,Exit
35.13333333333333,1.0,green ball,Entry
35.166666666666664,1.0,red ball,Exit
35.166666666666664,,red ball,Entry
35.166666666666664,1.0,green ball,Exit
35.166666666666664,,green ball,Entry
35.266666666666666,,red ball,Exit
35.266666666666666,1.0,red ball,Entry
35.266666666666666,,green ball,Exit
35.266666666666666,1.0,green ball,Entry
35.36666666666667,1.0,red ball,Exit
35.36666666666667,,red ball,Entry
2024-07-08 18:15:50.940352,,green ball,Entry
35.4,,red ball,Exit
35.4,1.0,red ball,Entry
35.46666666666667,1.0,red ball,Exit
35.46666666666667,,red ball,Entry
2024-07-08 18:15:53.062482,,green ball,Entry
35.56666666666667,,red ball,Exit
35.56666666666667,1.0,red ball,Entry
35.56666666666667,,green ball,Exit
35.56666666666667,1.0,green ball,Entry
35.6,1.0,red ball,Exit
35.6,,red ball,Entry
35.6,1.0,green ball,Exit
35.6,,green ball,Entry
2024-07-08 18:15:55.678611,,green ball,Entry
35.7,,red ball,Exit
35.7,1.0,red ball,Entry
2024-07-08 18:15:56.818631,1.0,green ball,Entry
35.8,1.0,red ball,Exit
35.8,,red ball,Entry
35.8,1.0,green ball,Exit
35.8,,green ball,Entry
35.93333333333333,,red ball,Exit
35.93333333333333,1.0,red ball,Entry
35.93333333333333,,green ball,Exit
35.93333333333333,1.0,green ball,Entry
36.03333333333333,1.0,red ball,Exit
36.03333333333333,,red ball,Entry
36.03333333333333,1.0,green ball,Exit
36.03333333333333,,green ball,Entry
36.13333333333333,,red ball,Exit
36.13333333333333,1.0,red ball,Entry
36.166666666666664,1.0,red ball,Exit
36.166666666666664,,red ball,Entry
2024-07-08 18:16:04.290788,,green ball,Entry
36.233333333333334,,red ball,Exit
36.233333333333334,1.0,red ball,Entry
36.233333333333334,,green ball,Exit
36.233333333333334,1.0,green ball,Entry
36.3,1.0,red ball,Exit
36.3,,red ball,Entry
36.3,1.0,green ball,Exit
36.3,,green ball,Entry
36.333333333333336,,red ball,Exit
36.333333333333336,1.0,red ball,Entry
36.333333333333336,,green ball,Exit
36.333333333333336,1.0,green ball,Entry
2024-07-08 18:16:13.774497,1.0,green ball,Entry
2024-07-08 18:16:16.099039,1.0,green ball,Entry
2024-07-08 18:16:19.173553,1.0,green ball,Entry
2024-07-08 18:16:20.315210,1.0,green ball,Entry
2024-07-08 18:16:23.242265,1.0,orange ball,Entry
2024-07-08 18:16:26.690673,1.0,orange ball,Entry
2024-07-08 18:16:27.899980,1.0,yellow ball,Entry
2024-07-08 18:16:29.219294,1.0,green ball,Entry
37.666666666666664,1.0,red ball,Exit
37.666666666666664,,red ball,Entry
2024-07-08 18:16:30.413764,,orange ball,Entry
2024-07-08 18:16:30.944428,,green ball,Entry
37.833333333333336,,red ball,Exit
37.833333333333336,1.0,red ball,Entry
2024-07-08 18:16:33.109128,1.0,yellow ball,Entry
2024-07-08 18:16:33.769208,1.0,green ball,Entry
2024-07-08 18:16:33.817084,1.0,orange ball,Entry
37.96666666666667,1.0,red ball,Exit
37.96666666666667,,red ball,Entry
37.96666666666667,1.0,yellow ball,Exit
37.96666666666667,,yellow ball,Entry
37.96666666666667,1.0,green ball,Exit
37.96666666666667,,green ball,Entry
2024-07-08 18:16:35.653724,,orange ball,Entry
38.0,,red ball,Exit
38.0,1.0,red ball,Entry
38.0,,yellow ball,Exit
38.0,1.0,yellow ball,Entry
38.0,,green ball,Exit
38.0,1.0,green ball,Entry
2024-07-08 18:16:36.968594,1.0,orange ball,Entry
38.06666666666667,1.0,red ball,Exit
38.06666666666667,,red ball,Entry
38.06666666666667,1.0,orange ball,Exit
38.06666666666667,,orange ball,Entry
38.06666666666667,1.0,yellow ball,Exit
38.06666666666667,,yellow ball,Entry
38.166666666666664,,red ball,Exit
38.166666666666664,1.0,red ball,Entry
2024-07-08 18:16:39.212341,1.0,green ball,Entry
38.166666666666664,,orange ball,Exit
38.166666666666664,1.0,orange ball,Entry
38.266666666666666,1.0,red ball,Exit
38.266666666666666,,red ball,Entry
38.266666666666666,1.0,orange ball,Exit
38.266666666666666,,orange ball,Entry
38.266666666666666,1.0,green ball,Exit
38.266666666666666,,green ball,Entry
2024-07-08 18:16:41.082476,,yellow ball,Entry
38.3,,red ball,Exit
38.3,1.0,red ball,Entry
38.3,,orange ball,Exit
38.3,1.0,orange ball,Entry
38.333333333333336,1.0,red ball,Exit
38.333333333333336,,red ball,Entry
38.333333333333336,1.0,orange ball,Exit
38.333333333333336,,orange ball,Entry
2024-07-08 18:16:42.681541,,green ball,Entry
38.46666666666667,,red ball,Exit
38.46666666666667,1.0,red ball,Entry
38.46666666666667,,orange ball,Exit
38.46666666666667,1.0,orange ball,Entry
2024-07-08 18:16:44.401777,1.0,yellow ball,Entry
38.5,1.0,red ball,Exit
38.5,,red ball,Entry
38.5,1.0,orange ball,Exit
38.5,,orange ball,Entry
2024-07-08 18:16:44.908904,,green ball,Entry
38.53333333333333,,red ball,Exit
38.53333333333333,1.0,red ball,Entry
38.53333333333333,,green ball,Exit
38.53333333333333,1.0,green ball,Entry
2024-07-08 18:16:45.574316,1.0,yellow ball,Entry
38.63333333333333,1.0,red ball,Exit
38.63333333333333,,red ball,Entry
2024-07-08 18:16:47.436631,,orange ball,Entry
38.666666666666664,,red ball,Exit
38.666666666666664,1.0,red ball,Entry
2024-07-08 18:16:48.061070,1.0,green ball,Entry
38.7,1.0,red ball,Exit
38.7,,red ball,Entry
2024-07-08 18:16:48.568661,,orange ball,Entry
2024-07-08 18:16:48.571621,,yellow ball,Entry
38.766666666666666,,red ball,Exit
38.766666666666666,1.0,red ball,Entry
2024-07-08 18:16:49.676342,1.0,green ball,Entry
38.766666666666666,,yellow ball,Exit
38.766666666666666,1.0,yellow ball,Entry
2024-07-08 18:16:49.779342,1.0,orange ball,Entry
38.8,1.0,red ball,Exit
38.8,,red ball,Entry
38.8,1.0,green ball,Exit
38.8,,green ball,Entry
38.8,1.0,orange ball,Exit
38.8,,orange ball,Entry
38.8,1.0,yellow ball,Exit
38.8,,yellow ball,Entry
2024-07-08 18:16:51.321695,,orange ball,Entry
38.9,,red ball,Exit
38.9,1.0,red ball,Entry
2024-07-08 18:16:51.932521,1.0,yellow ball,Entry
2024-07-08 18:16:52.580279,1.0,green ball,Entry
38.96666666666667,1.0,red ball,Exit
38.96666666666667,,red ball,Entry
2024-07-08 18:16:53.085343,,orange ball,Entry
39.0,,red ball,Exit
39.0,1.0,red ball,Entry
39.0,,orange ball,Exit
39.0,1.0,orange ball,Entry
2024-07-08 18:16:56.869036,1.0,green ball,Entry
2024-07-08 18:16:58.131827,1.0,green ball,Entry
2024-07-08 18:16:58.707779,1.0,yellow ball,Entry
2024-07-08 18:16:59.395522,1.0,green ball,Entry
2024-07-08 18:16:59.445994,1.0,orange ball,Entry
39.333333333333336,1.0,red ball,Exit
39.333333333333336,,red ball,Entry
39.333333333333336,1.0,orange ball,Exit
39.333333333333336,,orange ball,Entry
39.333333333333336,1.0,green ball,Exit
39.333333333333336,,green ball,Entry
39.333333333333336,1.0,yellow ball,Exit
39.333333333333336,,yellow ball,Entry
39.4,,red ball,Exit
39.4,1.0,red ball,Entry
39.4,,yellow ball,Exit
39.4,1.0,yellow ball,Entry
39.4,,orange ball,Exit
39.4,1.0,orange ball,Entry
2024-07-08 18:17:01.165908,1.0,green ball,Entry
39.43333333333333,1.0,red ball,Exit
39.43333333333333,,red ball,Entry
39.43333333333333,1.0,yellow ball,Exit
39.43333333333333,,yellow ball,Entry
39.43333333333333,1.0,green ball,Exit
39.43333333333333,,green ball,Entry
39.43333333333333,1.0,orange ball,Exit
39.43333333333333,,orange ball,Entry
39.53333333333333,,red ball,Exit
39.53333333333333,1.0,red ball,Entry
39.53333333333333,,yellow ball,Exit
39.53333333333333,1.0,yellow ball,Entry
39.53333333333333,,green ball,Exit
39.53333333333333,1.0,green ball,Entry
39.56666666666667,1.0,yellow ball,Exit
39.56666666666667,,yellow ball,Entry
39.56666666666667,1.0,red ball,Exit
39.56666666666667,,red ball,Entry
39.56666666666667,1.0,green ball,Exit
39.56666666666667,,green ball,Entry
2024-07-08 18:17:05.925167,,orange ball,Entry
39.766666666666666,,red ball,Exit
39.766666666666666,1.0,red ball,Entry
39.766666666666666,,yellow ball,Exit
39.766666666666666,1.0,yellow ball,Entry
39.766666666666666,,green ball,Exit
39.766666666666666,1.0,green ball,Entry
39.8,1.0,red ball,Exit
39.8,,red ball,Entry
39.8,1.0,green ball,Exit
39.8,,green ball,Entry
39.8,1.0,yellow ball,Exit
39.8,,yellow ball,Entry
39.833333333333336,,red ball,Exit
39.833333333333336,1.0,red ball,Entry
39.833333333333336,,green ball,Exit
39.833333333333336,1.0,green ball,Entry
39.833333333333336,,yellow ball,Exit
39.833333333333336,1.0,yellow ball,Entry
2024-07-08 18:17:09.462588,1.0,orange ball,Entry
2024-07-08 18:17:10.097395,1.0,green ball,Entry
2024-07-08 18:17:10.726512,1.0,yellow ball,Entry
40.03333333333333,1.0,red ball,Exit
40.03333333333333,,red ball,Entry
40.03333333333333,1.0,yellow ball,Exit
40.03333333333333,,yellow ball,Entry
2024-07-08 18:17:11.976610,,orange ball,Entry
2024-07-08 18:17:11.980073,,green ball,Entry
40.06666666666667,,red ball,Exit
40.06666666666667,1.0,red ball,Entry
40.06666666666667,,orange ball,Exit
40.06666666666667,1.0,orange ball,Entry
40.06666666666667,,yellow ball,Exit
40.06666666666667,1.0,yellow ball,Entry
40.166666666666664,1.0,red ball,Exit
40.166666666666664,,red ball,Entry
2024-07-08 18:17:14.434007,,orange ball,Entry
40.166666666666664,1.0,yellow ball,Exit
40.166666666666664,,yellow ball,Entry
40.2,,red ball,Exit
40.2,1.0,red ball,Entry
40.2,,yellow ball,Exit
40.2,1.0,yellow ball,Entry
2024-07-08 18:17:15.107201,1.0,green ball,Entry
40.2,,orange ball,Exit
40.2,1.0,orange ball,Entry
40.266666666666666,1.0,red ball,Exit
40.266666666666666,,red ball,Entry
40.266666666666666,1.0,yellow ball,Exit
40.266666666666666,,yellow ball,Entry
2024-07-08 18:17:16.321853,,green ball,Entry
40.266666666666666,1.0,orange ball,Exit
40.266666666666666,,orange ball,Entry
40.3,,red ball,Exit
40.3,1.0,red ball,Entry
40.3,,orange ball,Exit
40.3,1.0,orange ball,Entry
40.3,,yellow ball,Exit
40.3,1.0,yellow ball,Entry
40.3,,green ball,Exit
40.3,1.0,green ball,Entry
40.333333333333336,1.0,red ball,Exit
40.333333333333336,,red ball,Entry
40.333333333333336,1.0,orange ball,Exit
40.333333333333336,,orange ball,Entry
40.333333333333336,1.0,green ball,Exit
40.333333333333336,,green ball,Entry
40.36666666666667,,red ball,Exit
40.36666666666667,1.0,red ball,Entry
40.36666666666667,,orange ball,Exit
40.36666666666667,1.0,orange ball,Entry
2024-07-08 18:17:18.188395,1.0,yellow ball,Entry
40.4,1.0,red ball,Exit
40.4,,red ball,Entry
40.4,1.0,orange ball,Exit
40.4,,orange ball,Entry
2024-07-08 18:17:19.160853,,green ball,Entry
40.53333333333333,,red ball,Exit
40.53333333333333,1.0,red ball,Entry
40.53333333333333,,orange ball,Exit
40.53333333333333,1.0,orange ball,Entry
40.53333333333333,,green ball,Exit
40.53333333333333,1.0,green ball,Entry
2024-07-08 18:17:25.330912,1.0,green ball,Entry
2024-07-08 18:17:26.673236,1.0,yellow ball,Entry
40.9,1.0,red ball,Exit
40.9,,red ball,Entry
40.9,1.0,yellow ball,Exit
40.9,,yellow ball,Entry
2024-07-08 18:17:27.809772,,green ball,Entry
2024-07-08 18:17:28.310036,,orange ball,Entry
40.96666666666667,,red ball,Exit
40.96666666666667,1.0,red ball,Entry
40.96666666666667,,orange ball,Exit
40.96666666666667,1.0,orange ball,Entry
41.0,1.0,red ball,Exit
41.0,,red ball,Entry
41.0,1.0,orange ball,Exit
41.0,,orange ball,Entry
41.03333333333333,,red ball,Exit
41.03333333333333,1.0,red ball,Entry
2024-07-08 18:17:30.036893,1.0,yellow ball,Entry
41.03333333333333,,red ball,Exit
41.03333333333333,1.0,red ball,Entry
2024-07-08 18:17:32.697479,1.0,orange ball,Entry
2024-07-08 18:17:33.960375,1.0,yellow ball,Entry
2024-07-08 18:17:37.240184,1.0,green ball,Entry
2024-07-08 18:17:37.893903,1.0,yellow ball,Entry
41.46666666666667,1.0,red ball,Exit
41.46666666666667,,red ball,Entry
41.46666666666667,1.0,yellow ball,Exit
41.46666666666667,,yellow ball,Entry
41.5,,red ball,Exit
41.5,1.0,red ball,Entry
41.5,,yellow ball,Exit
41.5,1.0,yellow ball,Entry
2024-07-08 18:17:39.775312,1.0,orange ball,Entry
2024-07-08 18:17:41.026523,1.0,orange ball,Entry
2024-07-08 18:17:41.847097,1.0,green ball,Entry
2024-07-08 18:17:44.680125,1.0,orange ball,Entry
2024-07-08 18:17:45.789793,1.0,green ball,Entry
2024-07-08 18:17:48.514426,1.0,orange ball,Entry
2024-07-08 18:17:49.089842,1.0,yellow ball,Entry
2024-07-08 18:17:49.651158,1.0,green ball,Entry
2024-07-08 18:17:49.701584,1.0,orange ball,Entry
2024-07-08 18:17:52.261212,1.0,orange ball,Entry
2024-07-08 18:17:54.263967,1.0,yellow ball,Entry
2024-07-08 18:17:57.904054,1.0,orange ball,Entry
2024-07-08 18:17:59.675940,1.0,orange ball,Entry
2024-07-08 18:18:00.342992,1.0,yellow ball,Entry
2024-07-08 18:18:00.989535,1.0,orange ball,Entry
2024-07-08 18:18:08.751070,1.0,orange ball,Entry
2024-07-08 18:18:09.407572,1.0,yellow ball,Entry
2024-07-08 18:18:13.615061,1.0,orange ball,Entry
2024-07-08 18:18:14.212659,1.0,yellow ball,Entry
2024-07-08 18:18:15.395416,1.0,orange ball,Entry
2024-07-08 18:19:51.514830,,orange ball,Entry
49.7,,orange ball,Exit
49.7,1.0,orange ball,Entry
49.733333333333334,1.0,orange ball,Exit
49.733333333333334,,orange ball,Entry
49.766666666666666,,orange ball,Exit
49.766666666666666,1.0,orange ball,Entry
49.8,1.0,orange ball,Exit
49.8,,orange ball,Entry
49.9,,orange ball,Exit
49.9,1.0,orange ball,Entry
49.93333333333333,1.0,orange ball,Exit
49.93333333333333,,orange ball,Entry
49.96666666666667,,orange ball,Exit
49.96666666666667,1.0,orange ball,Entry
50.06666666666667,1.0,orange ball,Exit
50.06666666666667,,orange ball,Entry
50.1,,orange ball,Exit
50.1,1.0,orange ball,Entry
50.13333333333333,1.0,orange ball,Exit
50.13333333333333,,orange ball,Entry
50.166666666666664,,orange ball,Exit
50.166666666666664,1.0,orange ball,Entry
50.2,1.0,orange ball,Exit
50.2,,orange ball,Entry
50.53333333333333,,orange ball,Exit
50.53333333333333,1.0,orange ball,Entry
50.666666666666664,1.0,orange ball,Exit
50.666666666666664,,orange ball,Entry
50.7,,orange ball,Exit
50.7,1.0,orange ball,Entry
50.766666666666666,1.0,orange ball,Exit
50.766666666666666,,orange ball,Entry
50.8,,orange ball,Exit
50.8,1.0,orange ball,Entry
50.9,1.0,orange ball,Exit
50.9,,orange ball,Entry
50.93333333333333,,orange ball,Exit
50.93333333333333,1.0,orange ball,Entry
51.03333333333333,1.0,orange ball,Exit
51.03333333333333,,orange ball,Entry
51.06666666666667,,orange ball,Exit
51.06666666666667,1.0,orange ball,Entry
51.1,1.0,orange ball,Exit
51.1,,orange ball,Entry
51.13333333333333,,orange ball,Exit
51.13333333333333,1.0,orange ball,Entry
51.166666666666664,1.0,orange ball,Exit
51.166666666666664,,orange ball,Entry
51.2,,orange ball,Exit
51.2,1.0,orange ball,Entry
51.3,1.0,orange ball,Exit
51.3,,orange ball,Entry
51.333333333333336,,orange ball,Exit
51.333333333333336,1.0,orange ball,Entry
51.46666666666667,1.0,orange ball,Exit
51.46666666666667,,orange ball,Entry
51.53333333333333,,orange ball,Exit
51.53333333333333,1.0,orange ball,Entry
51.63333333333333,1.0,orange ball,Exit
51.63333333333333,,orange ball,Entry
51.666666666666664,,orange ball,Exit
51.666666666666664,1.0,orange ball,Entry
51.833333333333336,1.0,orange ball,Exit
51.833333333333336,,orange ball,Entry
51.86666666666667,,orange ball,Exit
51.86666666666667,1.0,orange ball,Entry
51.9,1.0,orange ball,Exit
51.9,,orange ball,Entry
51.93333333333333,,orange ball,Exit
51.93333333333333,1.0,orange ball,Entry
51.96666666666667,1.0,orange ball,Exit
51.96666666666667,,orange ball,Entry
52.0,,orange ball,Exit
52.0,1.0,orange ball,Entry
52.06666666666667,1.0,orange ball,Exit
52.06666666666667,,orange ball,Entry
52.13333333333333,,orange ball,Exit
52.13333333333333,1.0,orange ball,Entry
52.2,1.0,orange ball,Exit
52.2,,orange ball,Entry
52.233333333333334,,orange ball,Exit
52.233333333333334,1.0,orange ball,Entry
52.266666666666666,1.0,orange ball,Exit
52.266666666666666,,orange ball,Entry
52.3,,orange ball,Exit
52.3,1.0,orange ball,Entry
52.333333333333336,1.0,orange ball,Exit
52.333333333333336,,orange ball,Entry
52.36666666666667,,orange ball,Exit
52.36666666666667,1.0,orange ball,Entry
52.4,1.0,orange ball,Exit
52.4,,orange ball,Entry
52.46666666666667,,orange ball,Exit
52.46666666666667,1.0,orange ball,Entry
52.53333333333333,1.0,orange ball,Exit
52.53333333333333,,orange ball,Entry
52.63333333333333,,orange ball,Exit
52.63333333333333,1.0,orange ball,Entry
52.733333333333334,1.0,orange ball,Exit
52.733333333333334,,orange ball,Entry
52.766666666666666,,orange ball,Exit
52.766666666666666,1.0,orange ball,Entry
52.833333333333336,1.0,orange ball,Exit
52.833333333333336,,orange ball,Entry
52.9,,orange ball,Exit
52.9,1.0,orange ball,Entry
52.93333333333333,1.0,orange ball,Exit
52.93333333333333,,orange ball,Entry
52.96666666666667,,orange ball,Exit
52.96666666666667,1.0,orange ball,Entry
53.0,1.0,orange ball,Exit
53.0,,orange ball,Entry
53.06666666666667,,orange ball,Exit
53.06666666666667,1.0,orange ball,Entry
53.1,1.0,orange ball,Exit
53.1,,orange ball,Entry
2024-07-08 18:20:49.569003,,red ball,Entry
53.333333333333336,,orange ball,Exit
53.333333333333336,1.0,orange ball,Entry
53.333333333333336,,red ball,Exit
53.333333333333336,1.0,red ball,Entry
53.36666666666667,1.0,orange ball,Exit
53.36666666666667,,orange ball,Entry
53.36666666666667,1.0,red ball,Exit
53.36666666666667,,red ball,Entry
53.43333333333333,,orange ball,Exit
53.43333333333333,1.0,orange ball,Entry
53.43333333333333,,red ball,Exit
53.43333333333333,1.0,red ball,Entry
53.46666666666667,1.0,orange ball,Exit
53.46666666666667,,orange ball,Entry
53.46666666666667,1.0,red ball,Exit
53.46666666666667,,red ball,Entry
53.53333333333333,,orange ball,Exit
53.53333333333333,1.0,orange ball,Entry
53.53333333333333,,red ball,Exit
53.53333333333333,1.0,red ball,Entry
53.56666666666667,1.0,orange ball,Exit
53.56666666666667,,orange ball,Entry
53.56666666666667,1.0,red ball,Exit
53.56666666666667,,red ball,Entry
53.7,,orange ball,Exit
53.7,1.0,orange ball,Entry
53.7,,red ball,Exit
53.7,1.0,red ball,Entry
53.766666666666666,1.0,orange ball,Exit
53.766666666666666,,orange ball,Entry
53.766666666666666,1.0,red ball,Exit
53.766666666666666,,red ball,Entry
54.166666666666664,,orange ball,Exit
54.166666666666664,1.0,orange ball,Entry
54.166666666666664,,red ball,Exit
54.166666666666664,1.0,red ball,Entry
54.2,1.0,orange ball,Exit
54.2,,orange ball,Entry
54.2,1.0,red ball,Exit
54.2,,red ball,Entry
54.3,,orange ball,Exit
54.3,1.0,orange ball,Entry
54.3,,red ball,Exit
54.3,1.0,red ball,Entry
54.36666666666667,1.0,orange ball,Exit
54.36666666666667,,orange ball,Entry
54.36666666666667,1.0,red ball,Exit
54.36666666666667,,red ball,Entry
54.8,,orange ball,Exit
54.8,1.0,orange ball,Entry
54.8,,red ball,Exit
54.8,1.0,red ball,Entry
54.833333333333336,1.0,orange ball,Exit
54.833333333333336,,orange ball,Entry
54.833333333333336,1.0,red ball,Exit
54.833333333333336,,red ball,Entry
2024-07-08 18:21:21.079700,,red ball,Entry
55.233333333333334,,orange ball,Exit
55.233333333333334,1.0,orange ball,Entry
55.233333333333334,,red ball,Exit
55.233333333333334,1.0,red ball,Entry
55.266666666666666,1.0,orange ball,Exit
55.266666666666666,,orange ball,Entry
55.3,,orange ball,Exit
55.3,1.0,orange ball,Entry
2024-07-08 18:21:27.306745,1.0,red ball,Entry
56.666666666666664,1.0,orange ball,Exit
56.666666666666664,,orange ball,Entry
2024-07-08 18:21:48.599483,,green ball,Entry
56.86666666666667,,orange ball,Exit
56.86666666666667,1.0,orange ball,Entry
57.13333333333333,1.0,orange ball,Exit
57.13333333333333,,orange ball,Entry
2024-07-08 18:21:55.100538,,green ball,Entry
57.266666666666666,,orange ball,Exit
57.266666666666666,1.0,orange ball,Entry
57.266666666666666,,green ball,Exit
57.266666666666666,1.0,green ball,Entry
2024-07-08 18:21:57.287590,1.0,red ball,Entry
57.333333333333336,1.0,orange ball,Exit
57.333333333333336,,orange ball,Entry
57.333333333333336,1.0,green ball,Exit
57.333333333333336,,green ball,Entry
57.333333333333336,1.0,red ball,Exit
57.333333333333336,,red ball,Entry
57.36666666666667,,orange ball,Exit
57.36666666666667,1.0,orange ball,Entry
57.36666666666667,,green ball,Exit
57.36666666666667,1.0,green ball,Entry
57.36666666666667,,red ball,Exit
57.36666666666667,1.0,red ball,Entry
57.5,1.0,orange ball,Exit
57.5,,orange ball,Entry
57.5,1.0,green ball,Exit
57.5,,green ball,Entry
57.5,1.0,red ball,Exit
57.5,,red ball,Entry
57.56666666666667,,green ball,Exit
57.56666666666667,1.0,green ball,Entry
57.56666666666667,,orange ball,Exit
57.56666666666667,1.0,orange ball,Entry
57.56666666666667,,red ball,Exit
57.56666666666667,1.0,red ball,Entry
57.63333333333333,1.0,orange ball,Exit
57.63333333333333,,orange ball,Entry
57.63333333333333,1.0,green ball,Exit
57.63333333333333,,green ball,Entry
57.63333333333333,1.0,red ball,Exit
57.63333333333333,,red ball,Entry
57.86666666666667,,orange ball,Exit
57.86666666666667,1.0,orange ball,Entry
57.86666666666667,,green ball,Exit
57.86666666666667,1.0,green ball,Entry
57.86666666666667,,red ball,Exit
57.86666666666667,1.0,red ball,Entry
57.93333333333333,1.0,orange ball,Exit
57.93333333333333,,orange ball,Entry
57.93333333333333,1.0,green ball,Exit
57.93333333333333,,green ball,Entry
57.93333333333333,1.0,red ball,Exit
57.93333333333333,,red ball,Entry
57.96666666666667,,orange ball,Exit
57.96666666666667,1.0,orange ball,Entry
57.96666666666667,,green ball,Exit
57.96666666666667,1.0,green ball,Entry
57.96666666666667,,red ball,Exit
57.96666666666667,1.0,red ball,Entry
58.0,1.0,orange ball,Exit
58.0,,orange ball,Entry
58.0,1.0,green ball,Exit
58.0,,green ball,Entry
58.0,1.0,red ball,Exit
58.0,,red ball,Entry
58.03333333333333,,orange ball,Exit
58.03333333333333,1.0,orange ball,Entry
58.03333333333333,,red ball,Exit
58.03333333333333,1.0,red ball,Entry
58.03333333333333,,green ball,Exit
58.03333333333333,1.0,green ball,Entry
58.06666666666667,1.0,orange ball,Exit
58.06666666666667,,orange ball,Entry
58.06666666666667,1.0,red ball,Exit
58.06666666666667,,red ball,Entry
58.06666666666667,1.0,green ball,Exit
58.06666666666667,,green ball,Entry
58.1,,orange ball,Exit
58.1,1.0,orange ball,Entry
58.1,,red ball,Exit
58.1,1.0,red ball,Entry
58.1,,green ball,Exit
58.1,1.0,green ball,Entry
58.13333333333333,1.0,orange ball,Exit
58.13333333333333,,orange ball,Entry
58.13333333333333,1.0,red ball,Exit
58.13333333333333,,red ball,Entry
2024-07-08 18:22:13.167927,,green ball,Entry
58.2,,orange ball,Exit
58.2,1.0,orange ball,Entry
58.2,,green ball,Exit
58.2,1.0,green ball,Entry
58.2,,red ball,Exit
58.2,1.0,red ball,Entry
58.333333333333336,1.0,orange ball,Exit
58.333333333333336,,orange ball,Entry
58.333333333333336,1.0,red ball,Exit
58.333333333333336,,red ball,Entry
2024-07-08 18:22:16.391866,,green ball,Entry
58.36666666666667,,orange ball,Exit
58.36666666666667,1.0,orange ball,Entry
58.36666666666667,,green ball,Exit
58.36666666666667,1.0,green ball,Entry
58.36666666666667,,red ball,Exit
58.36666666666667,1.0,red ball,Entry
58.43333333333333,1.0,green ball,Exit
58.43333333333333,,green ball,Entry
58.43333333333333,1.0,orange ball,Exit
58.43333333333333,,orange ball,Entry
58.43333333333333,1.0,red ball,Exit
58.43333333333333,,red ball,Entry
58.46666666666667,,orange ball,Exit
58.46666666666667,1.0,orange ball,Entry
58.46666666666667,,green ball,Exit
58.46666666666667,1.0,green ball,Entry
58.46666666666667,,red ball,Exit
58.46666666666667,1.0,red ball,Entry
58.666666666666664,1.0,orange ball,Exit
58.666666666666664,,orange ball,Entry
58.666666666666664,1.0,red ball,Exit
58.666666666666664,,red ball,Entry
58.766666666666666,,orange ball,Exit
58.766666666666666,1.0,orange ball,Entry
58.766666666666666,,red ball,Exit
58.766666666666666,1.0,red ball,Entry
58.86666666666667,1.0,orange ball,Exit
58.86666666666667,,orange ball,Entry
58.86666666666667,1.0,red ball,Exit
58.86666666666667,,red ball,Entry
58.9,,orange ball,Exit
58.9,1.0,orange ball,Entry
58.9,,red ball,Exit
58.9,1.0,red ball,Entry
58.93333333333333,1.0,orange ball,Exit
58.93333333333333,,orange ball,Entry
58.93333333333333,1.0,red ball,Exit
58.93333333333333,,red ball,Entry
59.0,,orange ball,Exit
59.0,1.0,orange ball,Entry
59.0,,red ball,Exit
59.0,1.0,red ball,Entry
2024-07-08 18:22:28.837382,1.0,green ball,Entry
59.06666666666667,1.0,orange ball,Exit
59.06666666666667,,orange ball,Entry
59.06666666666667,1.0,red ball,Exit
59.06666666666667,,red ball,Entry
59.06666666666667,1.0,green ball,Exit
59.06666666666667,,green ball,Entry
59.1,,orange ball,Exit
59.1,1.0,orange ball,Entry
59.1,,red ball,Exit
59.1,1.0,red ball,Entry
59.13333333333333,1.0,orange ball,Exit
59.13333333333333,,orange ball,Entry
59.13333333333333,1.0,red ball,Exit
59.13333333333333,,red ball,Entry
59.166666666666664,,orange ball,Exit
59.166666666666664,1.0,orange ball,Entry
59.166666666666664,,red ball,Exit
59.166666666666664,1.0,red ball,Entry
2024-07-08 18:22:31.136294,1.0,green ball,Entry
59.266666666666666,1.0,orange ball,Exit
59.266666666666666,,orange ball,Entry
59.266666666666666,1.0,red ball,Exit
59.266666666666666,,red ball,Entry
59.333333333333336,,orange ball,Exit
59.333333333333336,1.0,orange ball,Entry
2024-07-08 18:22:40.563275,1.0,green ball,Entry
2024-07-08 18:22:41.730039,1.0,red ball,Entry
60.333333333333336,1.0,orange ball,Exit
60.333333333333336,,orange ball,Entry
60.333333333333336,1.0,red ball,Exit
60.333333333333336,,red ball,Entry
60.36666666666667,,orange ball,Exit
60.36666666666667,1.0,orange ball,Entry
60.36666666666667,,red ball,Exit
60.36666666666667,1.0,red ball,Entry
60.43333333333333,1.0,orange ball,Exit
60.43333333333333,,orange ball,Entry
60.43333333333333,1.0,red ball,Exit
60.43333333333333,,red ball,Entry
60.46666666666667,,orange ball,Exit
60.46666666666667,1.0,orange ball,Entry
60.46666666666667,,red ball,Exit
60.46666666666667,1.0,red ball,Entry
60.56666666666667,1.0,orange ball,Exit
60.56666666666667,,orange ball,Entry
60.56666666666667,1.0,red ball,Exit
60.56666666666667,,red ball,Entry
60.63333333333333,,orange ball,Exit
60.63333333333333,1.0,orange ball,Entry
60.63333333333333,,red ball,Exit
60.63333333333333,1.0,red ball,Entry
60.733333333333334,1.0,orange ball,Exit
60.733333333333334,,orange ball,Entry
60.733333333333334,1.0,red ball,Exit
60.733333333333334,,red ball,Entry
60.833333333333336,,orange ball,Exit
60.833333333333336,1.0,orange ball,Entry
60.833333333333336,,red ball,Exit
60.833333333333336,1.0,red ball,Entry
60.9,1.0,orange ball,Exit
60.9,,orange ball,Entry
60.9,1.0,red ball,Exit
60.9,,red ball,Entry
60.93333333333333,,orange ball,Exit
60.93333333333333,1.0,orange ball,Entry
60.93333333333333,,red ball,Exit
60.93333333333333,1.0,red ball,Entry
60.96666666666667,1.0,orange ball,Exit
60.96666666666667,,orange ball,Entry
60.96666666666667,1.0,red ball,Exit
60.96666666666667,,red ball,Entry
61.0,,orange ball,Exit
61.0,1.0,orange ball,Entry
61.0,,red ball,Exit
61.0,1.0,red ball,Entry
61.03333333333333,1.0,orange ball,Exit
61.03333333333333,,orange ball,Entry
61.03333333333333,1.0,red ball,Exit
61.03333333333333,,red ball,Entry
61.06666666666667,,orange ball,Exit
61.06666666666667,1.0,orange ball,Entry
61.06666666666667,,red ball,Exit
61.06666666666667,1.0,red ball,Entry
61.13333333333333,1.0,orange ball,Exit
61.13333333333333,,orange ball,Entry
61.13333333333333,1.0,red ball,Exit
61.13333333333333,,red ball,Entry
61.166666666666664,,orange ball,Exit
61.166666666666664,1.0,orange ball,Entry
61.166666666666664,,red ball,Exit
61.166666666666664,1.0,red ball,Entry
61.2,1.0,orange ball,Exit
61.2,,orange ball,Entry
61.2,1.0,red ball,Exit
61.2,,red ball,Entry
61.266666666666666,,orange ball,Exit
61.266666666666666,1.0,orange ball,Entry
61.266666666666666,,red ball,Exit
61.266666666666666,1.0,red ball,Entry
61.3,1.0,orange ball,Exit
61.3,,orange ball,Entry
61.3,1.0,red ball,Exit
61.3,,red ball,Entry
61.43333333333333,,orange ball,Exit
61.43333333333333,1.0,orange ball,Entry
61.43333333333333,,red ball,Exit
61.43333333333333,1.0,red ball,Entry
61.53333333333333,1.0,orange ball,Exit
61.53333333333333,,orange ball,Entry
61.53333333333333,1.0,red ball,Exit
61.53333333333333,,red ball,Entry
61.63333333333333,,orange ball,Exit
61.63333333333333,1.0,orange ball,Entry
61.63333333333333,,red ball,Exit
61.63333333333333,1.0,red ball,Entry
61.7,1.0,orange ball,Exit
61.7,,orange ball,Entry
61.7,1.0,red ball,Exit
61.7,,red ball,Entry
61.733333333333334,,orange ball,Exit
61.733333333333334,1.0,orange ball,Entry
61.733333333333334,,red ball,Exit
61.733333333333334,1.0,red ball,Entry
61.8,1.0,orange ball,Exit
61.8,,orange ball,Entry
61.8,1.0,red ball,Exit
61.8,,red ball,Entry
62.0,,orange ball,Exit
62.0,1.0,orange ball,Entry
62.0,,red ball,Exit
62.0,1.0,red ball,Entry
62.03333333333333,1.0,orange ball,Exit
62.03333333333333,,orange ball,Entry
62.03333333333333,1.0,red ball,Exit
62.03333333333333,,red ball,Entry
62.06666666666667,,orange ball,Exit
62.06666666666667,1.0,orange ball,Entry
62.06666666666667,,red ball,Exit
62.06666666666667,1.0,red ball,Entry
62.13333333333333,1.0,orange ball,Exit
62.13333333333333,,orange ball,Entry
62.13333333333333,1.0,red ball,Exit
62.13333333333333,,red ball,Entry
62.166666666666664,,orange ball,Exit
62.166666666666664,1.0,orange ball,Entry
62.166666666666664,,red ball,Exit
62.166666666666664,1.0,red ball,Entry
62.2,1.0,orange ball,Exit
62.2,,orange ball,Entry
62.2,1.0,red ball,Exit
62.2,,red ball,Entry
62.233333333333334,,orange ball,Exit
62.233333333333334,1.0,orange ball,Entry
62.233333333333334,,red ball,Exit
62.233333333333334,1.0,red ball,Entry
62.3,1.0,orange ball,Exit
62.3,,orange ball,Entry
62.3,1.0,red ball,Exit
62.3,,red ball,Entry
62.333333333333336,,orange ball,Exit
62.333333333333336,1.0,orange ball,Entry
62.333333333333336,,red ball,Exit
62.333333333333336,1.0,red ball,Entry
62.4,1.0,orange ball,Exit
62.4,,orange ball,Entry
62.4,1.0,red ball,Exit
62.4,,red ball,Entry
62.46666666666667,,orange ball,Exit
62.46666666666667,1.0,orange ball,Entry
62.46666666666667,,red ball,Exit
62.46666666666667,1.0,red ball,Entry
62.5,1.0,orange ball,Exit
62.5,,orange ball,Entry
62.5,1.0,red ball,Exit
62.5,,red ball,Entry
62.53333333333333,,orange ball,Exit
62.53333333333333,1.0,orange ball,Entry
62.53333333333333,,red ball,Exit
62.53333333333333,1.0,red ball,Entry
62.63333333333333,1.0,orange ball,Exit
62.63333333333333,,orange ball,Entry
62.63333333333333,1.0,red ball,Exit
62.63333333333333,,red ball,Entry
62.733333333333334,,orange ball,Exit
62.733333333333334,1.0,orange ball,Entry
62.733333333333334,,red ball,Exit
62.733333333333334,1.0,red ball,Entry
62.8,1.0,orange ball,Exit
62.8,,orange ball,Entry
62.8,1.0,red ball,Exit
62.8,,red ball,Entry
62.86666666666667,,orange ball,Exit
62.86666666666667,1.0,orange ball,Entry
62.86666666666667,,red ball,Exit
62.86666666666667,1.0,red ball,Entry
62.9,1.0,orange ball,Exit
62.9,,orange ball,Entry
62.9,1.0,red ball,Exit
62.9,,red ball,Entry
62.93333333333333,,orange ball,Exit
62.93333333333333,1.0,orange ball,Entry
62.93333333333333,,red ball,Exit
62.93333333333333,1.0,red ball,Entry
63.03333333333333,1.0,orange ball,Exit
63.03333333333333,,orange ball,Entry
63.03333333333333,1.0,red ball,Exit
63.03333333333333,,red ball,Entry
63.06666666666667,,orange ball,Exit
63.06666666666667,1.0,orange ball,Entry
63.06666666666667,,red ball,Exit
63.06666666666667,1.0,red ball,Entry
63.13333333333333,1.0,orange ball,Exit
63.13333333333333,,orange ball,Entry
63.13333333333333,1.0,red ball,Exit
63.13333333333333,,red ball,Entry
63.2,,orange ball,Exit
63.2,1.0,orange ball,Entry
63.2,,red ball,Exit
63.2,1.0,red ball,Entry
63.233333333333334,1.0,orange ball,Exit
63.233333333333334,,orange ball,Entry
63.233333333333334,1.0,red ball,Exit
63.233333333333334,,red ball,Entry
63.3,,orange ball,Exit
63.3,1.0,orange ball,Entry
63.3,,red ball,Exit
63.3,1.0,red ball,Entry
63.36666666666667,1.0,orange ball,Exit
63.36666666666667,,orange ball,Entry
63.36666666666667,1.0,red ball,Exit
63.36666666666667,,red ball,Entry
63.6,,orange ball,Exit
63.6,1.0,orange ball,Entry
63.6,,red ball,Exit
63.6,1.0,red ball,Entry
63.666666666666664,1.0,orange ball,Exit
63.666666666666664,,orange ball,Entry
63.666666666666664,1.0,red ball,Exit
63.666666666666664,,red ball,Entry
63.7,,orange ball,Exit
63.7,1.0,orange ball,Entry
63.7,,red ball,Exit
63.7,1.0,red ball,Entry
63.96666666666667,1.0,orange ball,Exit
63.96666666666667,,orange ball,Entry
64.03333333333333,,orange ball,Exit
64.03333333333333,1.0,orange ball,Entry
64.36666666666666,1.0,orange ball,Exit
64.36666666666666,,orange ball,Entry
64.4,,orange ball,Exit
64.4,1.0,orange ball,Entry
64.73333333333333,1.0,orange ball,Exit
64.73333333333333,,orange ball,Entry
64.76666666666667,,orange ball,Exit
64.76666666666667,1.0,orange ball,Entry
64.86666666666666,1.0,orange ball,Exit
64.86666666666666,,orange ball,Entry
64.96666666666667,,orange ball,Exit
64.96666666666667,1.0,orange ball,Entry
65.0,1.0,orange ball,Exit
65.0,,orange ball,Entry
65.03333333333333,,orange ball,Exit
65.03333333333333,1.0,orange ball,Entry
65.23333333333333,1.0,orange ball,Exit
65.23333333333333,,orange ball,Entry
65.26666666666667,,orange ball,Exit
65.26666666666667,1.0,orange ball,Entry
65.5,1.0,orange ball,Exit
65.5,,orange ball,Entry
65.6,,orange ball,Exit
65.6,1.0,orange ball,Entry
65.63333333333334,1.0,orange ball,Exit
65.63333333333334,,orange ball,Entry
65.66666666666667,,orange ball,Exit
65.66666666666667,1.0,orange ball,Entry
65.73333333333333,1.0,orange ball,Exit
65.73333333333333,,orange ball,Entry
65.8,,orange ball,Exit
65.8,1.0,orange ball,Entry
65.83333333333333,1.0,orange ball,Exit
65.83333333333333,,orange ball,Entry
65.86666666666666,,orange ball,Exit
65.86666666666666,1.0,orange ball,Entry
65.93333333333334,1.0,orange ball,Exit
65.93333333333334,,orange ball,Entry
65.96666666666667,,orange ball,Exit
65.96666666666667,1.0,orange ball,Entry
66.16666666666667,1.0,orange ball,Exit
66.16666666666667,,orange ball,Entry
66.23333333333333,,orange ball,Exit
66.23333333333333,1.0,orange ball,Entry
66.26666666666667,1.0,orange ball,Exit
66.26666666666667,,orange ball,Entry
66.36666666666666,,orange ball,Exit
66.36666666666666,1.0,orange ball,Entry
66.4,1.0,orange ball,Exit
66.4,,orange ball,Entry
66.43333333333334,,orange ball,Exit
66.43333333333334,1.0,orange ball,Entry
66.53333333333333,1.0,orange ball,Exit
66.53333333333333,,orange ball,Entry
70.56666666666666,,orange ball,Exit
70.56666666666666,1.0,orange ball,Entry
2024-07-08 18:25:37.475719,,yellow ball,Entry
2024-07-08 18:25:37.974085,,orange ball,Entry
70.73333333333333,,orange ball,Exit
70.73333333333333,1.0,orange ball,Entry
70.73333333333333,,yellow ball,Exit
70.73333333333333,1.0,yellow ball,Entry
70.76666666666667,1.0,orange ball,Exit
70.76666666666667,,orange ball,Entry
70.76666666666667,1.0,yellow ball,Exit
70.76666666666667,,yellow ball,Entry
70.8,,orange ball,Exit
70.8,1.0,orange ball,Entry
70.8,,yellow ball,Exit
70.8,1.0,yellow ball,Entry
70.86666666666666,1.0,orange ball,Exit
70.86666666666666,,orange ball,Entry
70.9,,orange ball,Exit
70.9,1.0,orange ball,Entry
2024-07-08 18:25:41.884523,1.0,yellow ball,Entry
2024-07-08 18:25:44.186186,1.0,yellow ball,Entry
2024-07-08 18:25:48.976045,1.0,yellow ball,Entry
71.33333333333333,1.0,orange ball,Exit
71.33333333333333,,orange ball,Entry
71.36666666666666,,orange ball,Exit
71.36666666666666,1.0,orange ball,Entry
2024-07-08 18:25:50.087453,1.0,yellow ball,Entry
71.6,1.0,orange ball,Exit
71.6,,orange ball,Entry
71.6,1.0,yellow ball,Exit
71.6,,yellow ball,Entry
71.63333333333334,,orange ball,Exit
71.63333333333334,1.0,orange ball,Entry
71.63333333333334,,yellow ball,Exit
71.63333333333334,1.0,yellow ball,Entry
2024-07-08 18:25:59.082786,1.0,yellow ball,Entry
71.9,1.0,orange ball,Exit
71.9,,orange ball,Entry
71.93333333333334,,orange ball,Exit
71.93333333333334,1.0,orange ball,Entry
2024-07-08 18:26:01.349586,1.0,yellow ball,Entry
2024-07-08 18:26:32.194344,,yellow ball,Entry
74.03333333333333,,yellow ball,Exit
74.03333333333333,1.0,yellow ball,Entry
2024-07-08 18:26:35.004004,1.0,orange ball,Entry
74.4,1.0,yellow ball,Exit
74.4,,yellow ball,Entry
2024-07-08 18:26:39.008684,,orange ball,Entry
74.5,,yellow ball,Exit
74.5,1.0,yellow ball,Entry
74.6,1.0,yellow ball,Exit
74.6,,yellow ball,Entry
2024-07-08 18:26:42.198573,,orange ball,Entry
74.63333333333334,,yellow ball,Exit
74.63333333333334,1.0,yellow ball,Entry
74.63333333333334,,orange ball,Exit
74.63333333333334,1.0,orange ball,Entry
74.73333333333333,1.0,yellow ball,Exit
74.73333333333333,,yellow ball,Entry
74.73333333333333,1.0,orange ball,Exit
74.73333333333333,,orange ball,Entry
74.76666666666667,,yellow ball,Exit
74.76666666666667,1.0,yellow ball,Entry
74.76666666666667,,orange ball,Exit
74.76666666666667,1.0,orange ball,Entry
2024-07-08 18:26:46.277505,1.0,yellow ball,Entry
75.0,1.0,orange ball,Exit
75.0,,orange ball,Entry
75.03333333333333,,orange ball,Exit
75.03333333333333,1.0,orange ball,Entry
2024-07-08 18:26:50.284215,1.0,yellow ball,Entry
75.1,1.0,orange ball,Exit
75.1,,orange ball,Entry
75.1,1.0,yellow ball,Exit
75.1,,yellow ball,Entry
75.13333333333334,,orange ball,Exit
75.13333333333334,1.0,orange ball,Entry
75.13333333333334,,yellow ball,Exit
75.13333333333334,1.0,yellow ball,Entry
2024-07-08 18:26:53.215355,1.0,yellow ball,Entry
2024-07-08 18:26:54.391311,1.0,yellow ball,Entry
75.7,1.0,orange ball,Exit
75.7,,orange ball,Entry
75.73333333333333,,orange ball,Exit
75.73333333333333,1.0,orange ball,Entry
76.26666666666667,1.0,orange ball,Exit
76.26666666666667,,orange ball,Entry
76.3,,orange ball,Exit
76.3,1.0,orange ball,Entry
2024-07-08 18:27:10.507536,1.0,green ball,Entry
2024-07-08 18:27:11.175271,1.0,yellow ball,Entry
76.46666666666667,1.0,green ball,Exit
76.46666666666667,,green ball,Entry
76.46666666666667,1.0,yellow ball,Exit
76.46666666666667,,yellow ball,Entry
2024-07-08 18:27:13.578947,,orange ball,Entry
76.5,,green ball,Exit
76.5,1.0,green ball,Entry
76.5,,yellow ball,Exit
76.5,1.0,yellow ball,Entry
76.5,,orange ball,Exit
76.5,1.0,orange ball,Entry
76.6,1.0,green ball,Exit
76.6,,green ball,Entry
76.6,1.0,yellow ball,Exit
76.6,,yellow ball,Entry
76.6,1.0,orange ball,Exit
76.6,,orange ball,Entry
76.63333333333334,,green ball,Exit
76.63333333333334,1.0,green ball,Entry
76.63333333333334,,yellow ball,Exit
76.63333333333334,1.0,yellow ball,Entry
76.66666666666667,1.0,green ball,Exit
76.66666666666667,,green ball,Entry
76.66666666666667,1.0,yellow ball,Exit
76.66666666666667,,yellow ball,Entry
76.7,,yellow ball,Exit
76.7,1.0,yellow ball,Entry
76.7,,green ball,Exit
76.7,1.0,green ball,Entry
76.73333333333333,1.0,yellow ball,Exit
76.73333333333333,,yellow ball,Entry
76.73333333333333,1.0,green ball,Exit
76.73333333333333,,green ball,Entry
2024-07-08 18:27:18.971830,,orange ball,Entry
76.8,,yellow ball,Exit
76.8,1.0,yellow ball,Entry
76.8,,green ball,Exit
76.8,1.0,green ball,Entry
76.8,,orange ball,Exit
76.8,1.0,orange ball,Entry
76.86666666666666,1.0,green ball,Exit
76.86666666666666,,green ball,Entry
76.86666666666666,1.0,yellow ball,Exit
76.86666666666666,,yellow ball,Entry
76.86666666666666,1.0,orange ball,Exit
76.86666666666666,,orange ball,Entry
76.93333333333334,,green ball,Exit
76.93333333333334,1.0,green ball,Entry
76.93333333333334,,yellow ball,Exit
76.93333333333334,1.0,yellow ball,Entry
76.93333333333334,,orange ball,Exit
76.93333333333334,1.0,orange ball,Entry
2024-07-08 18:27:25.810422,1.0,orange ball,Entry
2024-07-08 18:27:31.715486,1.0,yellow ball,Entry
77.53333333333333,1.0,green ball,Exit
77.53333333333333,,green ball,Entry
77.53333333333333,1.0,yellow ball,Exit
77.53333333333333,,yellow ball,Entry
77.6,,green ball,Exit
77.6,1.0,green ball,Entry
77.6,,yellow ball,Exit
77.6,1.0,yellow ball,Entry
77.63333333333334,1.0,green ball,Exit
77.63333333333334,,green ball,Entry
77.63333333333334,1.0,yellow ball,Exit
77.63333333333334,,yellow ball,Entry
77.86666666666666,,green ball,Exit
77.86666666666666,1.0,green ball,Entry
78.13333333333334,1.0,green ball,Exit
78.13333333333334,,green ball,Entry
2024-07-08 18:27:45.397354,,yellow ball,Entry
78.3,,green ball,Exit
78.3,1.0,green ball,Entry
78.3,,yellow ball,Exit
78.3,1.0,yellow ball,Entry
78.33333333333333,1.0,green ball,Exit
78.33333333333333,,green ball,Entry
2024-07-08 18:27:46.552333,,red ball,Entry
78.33333333333333,1.0,yellow ball,Exit
78.33333333333333,,yellow ball,Entry
2024-07-08 18:27:48.113365,,yellow ball,Entry
78.56666666666666,,green ball,Exit
78.56666666666666,1.0,green ball,Entry
78.56666666666666,,yellow ball,Exit
78.56666666666666,1.0,yellow ball,Entry
78.56666666666666,,red ball,Exit
78.56666666666666,1.0,red ball,Entry
78.93333333333334,1.0,green ball,Exit
78.93333333333334,,green ball,Entry
78.93333333333334,1.0,red ball,Exit
78.93333333333334,,red ball,Entry
78.93333333333334,1.0,yellow ball,Exit
78.93333333333334,,yellow ball,Entry
2024-07-08 18:27:57.451852,,orange ball,Entry
79.0,,green ball,Exit
79.0,1.0,green ball,Entry
79.0,,yellow ball,Exit
79.0,1.0,yellow ball,Entry
79.0,,red ball,Exit
79.0,1.0,red ball,Entry
2024-07-08 18:28:00.066640,1.0,orange ball,Entry
79.13333333333334,1.0,green ball,Exit
79.13333333333334,,green ball,Entry
79.13333333333334,1.0,red ball,Exit
79.13333333333334,,red ball,Entry
79.13333333333334,1.0,yellow ball,Exit
79.13333333333334,,yellow ball,Entry
2024-07-08 18:28:01.317876,,orange ball,Entry
79.16666666666667,,green ball,Exit
79.16666666666667,1.0,green ball,Entry
79.16666666666667,,red ball,Exit
79.16666666666667,1.0,red ball,Entry
79.16666666666667,,yellow ball,Exit
79.16666666666667,1.0,yellow ball,Entry
79.16666666666667,,orange ball,Exit
79.16666666666667,1.0,orange ball,Entry
2024-07-08 18:28:09.051619,1.0,yellow ball,Entry
2024-07-08 18:28:44.364852,1.0,yellow ball,Entry
2024-07-08 18:28:50.081283,1.0,yellow ball,Entry
2024-07-08 18:29:01.577740,1.0,yellow ball,Entry
2024-07-08 18:29:03.671693,1.0,yellow ball,Entry
2024-07-08 18:29:31.612303,1.0,yellow ball,Entry
84.1,1.0,green ball,Exit
84.1,,green ball,Entry
84.1,1.0,red ball,Exit
84.1,,red ball,Entry
84.1,1.0,orange ball,Exit
84.1,,orange ball,Entry
84.13333333333334,,green ball,Exit
84.13333333333334,1.0,green ball,Entry
84.13333333333334,,red ball,Exit
84.13333333333334,1.0,red ball,Entry
84.2,1.0,green ball,Exit
84.2,,green ball,Entry
84.2,1.0,red ball,Exit
84.2,,red ball,Entry
84.23333333333333,,green ball,Exit
84.23333333333333,1.0,green ball,Entry
84.23333333333333,,red ball,Exit
84.23333333333333,1.0,red ball,Entry
85.76666666666667,1.0,red ball,Exit
85.76666666666667,,red ball,Entry
85.8,,red ball,Exit
85.8,1.0,red ball,Entry
85.9,1.0,red ball,Exit
85.9,,red ball,Entry
85.93333333333334,,red ball,Exit
85.93333333333334,1.0,red ball,Entry
91.16666666666667,1.0,red ball,Exit
91.16666666666667,,red ball,Entry
91.26666666666667,,red ball,Exit
91.26666666666667,1.0,red ball,Entry
91.3,1.0,red ball,Exit
91.3,,red ball,Entry
91.4,,red ball,Exit
91.4,1.0,red ball,Entry
92.53333333333333,1.0,red ball,Exit
92.53333333333333,,red ball,Entry
92.56666666666666,,red ball,Exit
92.56666666666666,1.0,red ball,Entry
94.6,1.0,red ball,Exit
94.6,,red ball,Entry
94.63333333333334,,red ball,Exit
94.63333333333334,1.0,red ball,Entry
95.66666666666667,1.0,red ball,Exit
95.66666666666667,4.0,red ball,Entry
95.7,4.0,red ball,Exit
95.7,1.0,red ball,Entry
97.5,1.0,red ball,Exit
97.5,,red ball,Entry
97.53333333333333,,red ball,Exit
97.53333333333333,1.0,red ball,Entry
98.7,1.0,red ball,Exit
98.7,,red ball,Entry
2024-07-08 18:33:46.309998,,green ball,Entry
98.96666666666667,,red ball,Exit
98.96666666666667,1.0,red ball,Entry
2024-07-08 18:33:47.998557,1.0,green ball,Entry
2024-07-08 18:33:52.972441,1.0,green ball,Entry
2024-07-08 18:33:55.390604,1.0,green ball,Entry
2024-07-08 18:34:00.073033,1.0,green ball,Entry
2024-07-08 18:34:13.461540,1.0,orange ball,Entry
2024-07-08 18:34:17.430280,1.0,red ball,Entry
100.93333333333334,1.0,orange ball,Exit
100.93333333333334,,orange ball,Entry
100.93333333333334,1.0,red ball,Exit
100.93333333333334,,red ball,Entry
2024-07-08 18:34:21.015505,,green ball,Entry
100.96666666666667,,orange ball,Exit
100.96666666666667,1.0,orange ball,Entry
100.96666666666667,,red ball,Exit
100.96666666666667,1.0,red ball,Entry
100.96666666666667,,green ball,Exit
100.96666666666667,1.0,green ball,Entry
101.03333333333333,1.0,orange ball,Exit
101.03333333333333,,orange ball,Entry
101.03333333333333,1.0,red ball,Exit
101.03333333333333,,red ball,Entry
101.06666666666666,,orange ball,Exit
101.06666666666666,1.0,orange ball,Entry
101.06666666666666,,red ball,Exit
101.06666666666666,1.0,red ball,Entry
2024-07-08 18:34:24.292133,1.0,green ball,Entry
101.33333333333333,1.0,orange ball,Exit
101.33333333333333,,orange ball,Entry
101.33333333333333,1.0,red ball,Exit
101.33333333333333,,red ball,Entry
101.33333333333333,1.0,green ball,Exit
101.33333333333333,,green ball,Entry
101.36666666666666,,orange ball,Exit
101.36666666666666,1.0,orange ball,Entry
101.36666666666666,,red ball,Exit
101.36666666666666,1.0,red ball,Entry
101.36666666666666,,green ball,Exit
101.36666666666666,1.0,green ball,Entry
2024-07-08 18:34:33.426018,1.0,green ball,Entry
101.6,1.0,orange ball,Exit
101.6,,orange ball,Entry
101.6,1.0,red ball,Exit
101.6,,red ball,Entry
101.6,1.0,green ball,Exit
101.6,,green ball,Entry
101.63333333333334,,orange ball,Exit
101.63333333333334,1.0,orange ball,Entry
101.63333333333334,,red ball,Exit
101.63333333333334,1.0,red ball,Entry
101.63333333333334,,green ball,Exit
101.63333333333334,1.0,green ball,Entry
101.66666666666667,1.0,orange ball,Exit
101.66666666666667,,orange ball,Entry
101.66666666666667,1.0,red ball,Exit
101.66666666666667,,red ball,Entry
101.7,,orange ball,Exit
101.7,1.0,orange ball,Entry
101.7,,red ball,Exit
101.7,1.0,red ball,Entry
2024-07-08 18:34:37.611887,1.0,green ball,Entry
101.83333333333333,1.0,orange ball,Exit
101.83333333333333,,orange ball,Entry
101.83333333333333,1.0,red ball,Exit
101.83333333333333,,red ball,Entry
101.86666666666666,,orange ball,Exit
101.86666666666666,1.0,orange ball,Entry
101.86666666666666,,red ball,Exit
101.86666666666666,1.0,red ball,Entry
2024-07-08 18:34:38.767527,1.0,green ball,Entry
101.9,1.0,orange ball,Exit
101.9,,orange ball,Entry
101.9,1.0,red ball,Exit
101.9,,red ball,Entry
101.9,1.0,green ball,Exit
101.9,,green ball,Entry
101.93333333333334,,orange ball,Exit
101.93333333333334,1.0,orange ball,Entry
101.93333333333334,,red ball,Exit
101.93333333333334,1.0,red ball,Entry
101.96666666666667,1.0,orange ball,Exit
101.96666666666667,,orange ball,Entry
101.96666666666667,1.0,red ball,Exit
101.96666666666667,,red ball,Entry
2024-07-08 18:34:40.384231,,green ball,Entry
102.0,,orange ball,Exit
102.0,1.0,orange ball,Entry
102.0,,red ball,Exit
102.0,1.0,red ball,Entry
2024-07-08 18:34:42.247965,1.0,green ball,Entry
2024-07-08 18:34:43.548309,1.0,green ball,Entry
102.16666666666667,1.0,orange ball,Exit
102.16666666666667,,orange ball,Entry
102.16666666666667,1.0,red ball,Exit
102.16666666666667,,red ball,Entry
102.16666666666667,1.0,green ball,Exit
102.16666666666667,,green ball,Entry
102.2,,orange ball,Exit
102.2,1.0,orange ball,Entry
102.2,,red ball,Exit
102.2,1.0,red ball,Entry
102.2,,green ball,Exit
102.2,1.0,green ball,Entry
2024-07-08 18:34:46.018669,1.0,green ball,Entry
2024-07-08 18:34:51.950192,1.0,green ball,Entry
2024-07-08 18:34:55.876771,1.0,green ball,Entry
2024-07-08 18:35:01.064498,1.0,green ball,Entry
103.06666666666666,1.0,orange ball,Exit
103.06666666666666,,orange ball,Entry
103.06666666666666,1.0,red ball,Exit
103.06666666666666,,red ball,Entry
103.06666666666666,1.0,green ball,Exit
103.06666666666666,,green ball,Entry
103.13333333333334,,orange ball,Exit
103.13333333333334,1.0,orange ball,Entry
103.13333333333334,,red ball,Exit
103.13333333333334,1.0,red ball,Entry
2024-07-08 18:35:03.421906,1.0,green ball,Entry
103.2,1.0,orange ball,Exit
103.2,,orange ball,Entry
103.2,1.0,red ball,Exit
103.2,,red ball,Entry
103.2,1.0,green ball,Exit
103.2,,green ball,Entry
103.23333333333333,,orange ball,Exit
103.23333333333333,1.0,orange ball,Entry
103.23333333333333,,red ball,Exit
103.23333333333333,1.0,red ball,Entry
103.23333333333333,,green ball,Exit
103.23333333333333,1.0,green ball,Entry
103.26666666666667,1.0,orange ball,Exit
103.26666666666667,,orange ball,Entry
103.26666666666667,1.0,red ball,Exit
103.26666666666667,,red ball,Entry
103.3,,orange ball,Exit
103.3,1.0,orange ball,Entry
103.3,,red ball,Exit
103.3,1.0,red ball,Entry
2024-07-08 18:35:05.750536,1.0,green ball,Entry
103.4,1.0,orange ball,Exit
103.4,,orange ball,Entry
103.4,1.0,red ball,Exit
103.4,,red ball,Entry
103.43333333333334,,orange ball,Exit
103.43333333333334,1.0,orange ball,Entry
103.43333333333334,,red ball,Exit
103.43333333333334,1.0,red ball,Entry
2024-07-08 18:35:08.267641,1.0,green ball,Entry
2024-07-08 18:35:09.544453,1.0,green ball,Entry
2024-07-08 18:35:12.657941,1.0,green ball,Entry
2024-07-08 18:35:13.919835,1.0,green ball,Entry
2024-07-08 18:35:18.282312,1.0,green ball,Entry
2024-07-08 18:35:28.632992,1.0,green ball,Entry
2024-07-08 18:35:33.753071,1.0,green ball,Entry
104.9,1.0,orange ball,Exit
104.9,,orange ball,Entry
104.9,1.0,red ball,Exit
104.9,,red ball,Entry
104.9,1.0,green ball,Exit
104.9,,green ball,Entry
104.93333333333334,,orange ball,Exit
104.93333333333334,1.0,orange ball,Entry
104.93333333333334,,red ball,Exit
104.93333333333334,1.0,red ball,Entry
104.93333333333334,,green ball,Exit
104.93333333333334,1.0,green ball,Entry
2024-07-08 18:35:41.502360,1.0,green ball,Entry
